"district"	"county"	"town"	"democrat"	"republican"	"ind1"	"ind2"	"blank"	"total"	"join_id"
1	"YOR"	"KITTERY"	3326	1616			293	5235	"1 KITTERY"
2	"YOR"	"ELIOT"	2185	2029			139	4353	"2 ELIOT"
2	"YOR"	"KITTERY"	306	188			19	513	"2 KITTERY"
2	"YOR"	"SOUTH BERWICK"	605	333			25	963	"2 SOUTH BERWICK"
3	"YOR"	"YORK"	3626	2471			272	6369	"3 YORK"
4	"YOR"	"OGUNQUIT"	547	334			40	921	"4 OGUNQUIT"
4	"YOR"	"SANFORD"	771	842			109	1722	"4 SANFORD"
4	"YOR"	"WELLS"	265	278			36	579	"4 WELLS"
4	"YOR"	"YORK"	1391	1187			81	2659	"4 YORK"
5	"YOR"	"BERWICK"	1873	2012			120	4005	"5 BERWICK"
5	"YOR"	"NORTH BERWICK"	423	477			32	932	"5 NORTH BERWICK"
6	"YOR"	"NORTH BERWICK"	889	981			95	1965	"6 NORTH BERWICK"
6	"YOR"	"SOUTH BERWICK"	1849	1350			103	3302	"6 SOUTH BERWICK"
7	"YOR"	"WELLS"	2238	3722			254	6214	"7 WELLS"
8	"YOR"	"KENNEBUNK"	3774	2203			296	6273	"8 KENNEBUNK"
9	"YOR"	"BIDDEFORD"	948	719			93	1760	"9 BIDDEFORD"
9	"YOR"	"KENNEBUNK"	623	700			54	1377	"9 KENNEBUNK"
9	"YOR"	"KENNEBUNKPORT"	1101	1344			57	2502	"9 KENNEBUNKPORT"
10	"YOR"	"ARUNDEL"	899	1516			121	2536	"10 ARUNDEL"
10	"YOR"	"DAYTON"	355	842			73	1270	"10 DAYTON"
10	"YOR"	"LYMAN"	650	1074			119	1843	"10 LYMAN"
11	"YOR"	"BIDDEFORD"	3185	1507			198	4890	"11 BIDDEFORD"
12	"YOR"	"BIDDEFORD"	1847		1614		202	3663	"12 BIDDEFORD"
13	"YOR"	"OLD ORCHARD BEACH"	3267	2054			278	5599	"13 OLD ORCHARD BEACH"
14	"YOR"	"SACO"	2606	1582	991		261	5440	"14 SACO"
15	"YOR"	"SACO"	3331	1709			334	5374	"15 SACO"
16	"YOR"	"BUXTON"	1029	1732			139	2900	"16 BUXTON"
16	"YOR"	"HOLLIS"	902	1647			91	2640	"16 HOLLIS"
16	"YOR"	"SACO"	78	100			19	197	"16 SACO"
17	"YOR"	"LYMAN"	289	428			57	774	"17 LYMAN"
17	"YOR"	"WATERBORO"	1465	2329			206	4000	"17 WATERBORO"
18	"YOR"	"SANFORD"	2326	1383			262	3971	"18 SANFORD"
19	"YOR"	"SANFORD"	2168	2284			217	4669	"19 SANFORD"
20	"YOR"	"ACTON"	513	903			81	1497	"20 ACTON"
20	"YOR"	"LEBANON"	897	2181			120	3198	"20 LEBANON"
20	"YOR"	"SHAPLEIGH"	151	278			33	462	"20 SHAPLEIGH"
21	"YOR"	"ALFRED"	611	1177			85	1873	"21 ALFRED"
21	"YOR"	"LIMERICK"	408	416			30	854	"21 LIMERICK"
21	"YOR"	"NEWFIELD"	317	517			38	872	"21 NEWFIELD"
21	"YOR"	"PARSONSFIELD"	284	370			40	694	"21 PARSONSFIELD"
21	"YOR"	"SHAPLEIGH"	410	657			39	1106	"21 SHAPLEIGH"
22	"CUM"	"STANDISH"	173	219			18	410	"22 STANDISH"
22	"YOR"	"BUXTON"	968	940			90	1998	"22 BUXTON"
22	"YOR"	"LIMERICK"	341	448			29	818	"22 LIMERICK"
22	"YOR"	"LIMINGTON"	703	1325			66	2094	"22 LIMINGTON"
23	"CUM"	"STANDISH"	1790	3163			192	5145	"23 STANDISH"
24	"CUM"	"WINDHAM"	2765	2345			188	5298	"24 WINDHAM"
25	"CUM"	"WINDHAM"		3988			854	4842	"25 WINDHAM"
26	"CUM"	"GORHAM"	2297	2257			278	4832	"26 GORHAM"
27	"CUM"	"GORHAM"	2788	2178			149	5115	"27 GORHAM"
27	"CUM"	"SCARBOROUGH"	363	356			35	754	"27 SCARBOROUGH"
28	"CUM"	"SCARBOROUGH"	2732	3034			235	6001	"28 SCARBOROUGH"
29	"CUM"	"SCARBOROUGH"	2811	3181			247	6239	"29 SCARBOROUGH"
30	"CUM"	"CAPE ELIZABETH"	4096	1955			209	6260	"30 CAPE ELIZABETH"
31	"CUM"	"SOUTH PORTLAND"	4631				1130	5761	"31 SOUTH PORTLAND"
32	"CUM"	"CAPE ELIZABETH"	260				78	338	"32 CAPE ELIZABETH"
32	"CUM"	"SOUTH PORTLAND"	3906				1186	5092	"32 SOUTH PORTLAND"
33	"CUM"	"SOUTH PORTLAND"	1896	2158			198	4252	"33 SOUTH PORTLAND"
34	"CUM"	"WESTBROOK"	3901				1005	4906	"34 WESTBROOK"
35	"CUM"	"WESTBROOK"	2846	1962			306	5114	"35 WESTBROOK"
36	"CUM"	"PORTLAND"	3234				912	4146	"36 PORTLAND"
37	"CUM"	"PORTLAND"	3805				921	4726	"37 PORTLAND"
38	"CUM"	"PORTLAND"	4269	764			464	5497	"38 PORTLAND"
39	"CUM"	"PORTLAND"	4314	941			387	5642	"39 PORTLAND"
40	"CUM"	"PORTLAND"	3135				955	4090	"40 PORTLAND"
41	"CUM"	"PORTLAND"	4021	908			290	5219	"41 PORTLAND"
42	"CUM"	"PORTLAND"	3405	1309			445	5159	"42 PORTLAND"
43	"CUM"	"FALMOUTH"	986	692			101	1779	"43 FALMOUTH"
43	"CUM"	"PORTLAND"	2617	1256			225	4098	"43 PORTLAND"
44	"CUM"	"FALMOUTH"	3551	2639			210	6400	"44 FALMOUTH"
45	"CUM"	"CUMBERLAND"	3043	2293			169	5505	"45 CUMBERLAND"
45	"CUM"	"GRAY"	342	345			25	712	"45 GRAY"
46	"AND"	"DURHAM"	1075	1449			87	2611	"46 DURHAM"
46	"CUM"	"NORTH YARMOUTH"	1314	1250			92	2656	"46 NORTH YARMOUTH"
46	"CUM"	"POWNAL"	351	343			19	713	"46 POWNAL"
47	"CUM"	"CHEBEAGUE ISLAND"	210	107			12	329	"47 CHEBEAGUE ISLAND"
47	"CUM"	"LONG ISLAND"	111	56			9	176	"47 LONG ISLAND"
47	"CUM"	"YARMOUTH"	3406	2151			168	5725	"47 YARMOUTH"
48	"CUM"	"FREEPORT"	3747	1672			196	5615	"48 FREEPORT"
48	"CUM"	"POWNAL"	199	165			11	375	"48 POWNAL"
49	"CUM"	"BRUNSWICK"	3955	2038			291	6284	"49 BRUNSWICK"
50	"CUM"	"BRUNSWICK"	4476				1038	5514	"50 BRUNSWICK"
51	"CUM"	"BRUNSWICK"	846				248	1094	"51 BRUNSWICK"
51	"CUM"	"HARPSWELL"	2755				728	3483	"51 HARPSWELL"
51	"SAG"	"WEST BATH"	1000				257	1257	"51 WEST BATH"
52	"SAG"	"BATH"	2983	1659			181	4823	"52 BATH"
53	"LIN"	"DRESDEN"	342	713			34	1089	"53 DRESDEN"
53	"SAG"	"ARROWSIC"	246	96			9	351	"53 ARROWSIC"
53	"SAG"	"GEORGETOWN"	415	334			20	769	"53 GEORGETOWN"
53	"SAG"	"PHIPPSBURG"	521	892			27	1440	"53 PHIPPSBURG"
53	"SAG"	"RICHMOND"	18	59			1	78	"53 RICHMOND"
53	"SAG"	"WOOLWICH"	761	1211			51	2023	"53 WOOLWICH"
54	"SAG"	"TOPSHAM"	3102	2836			167	6105	"54 TOPSHAM"
55	"SAG"	"BOWDOIN"	829	890			45	1764	"55 BOWDOIN"
55	"SAG"	"BOWDOINHAM"	1054	796			35	1885	"55 BOWDOINHAM"
55	"SAG"	"RICHMOND"	1024	803			34	1861	"55 RICHMOND"
56	"AND"	"LISBON"	1978	2731			237	4946	"56 LISBON"
57	"AND"	"GREENE"	574	1934			89	2597	"57 GREENE"
57	"AND"	"SABATTUS"	1147	1583			120	2850	"57 SABATTUS"
58	"AND"	"LEWISTON"	2446	2336			259	5041	"58 LEWISTON"
59	"AND"	"LEWISTON"	2848	2065			297	5210	"59 LEWISTON"
60	"AND"	"LEWISTON"	2399	960			275	3634	"60 LEWISTON"
61	"AND"	"LEWISTON"	1967	1200			205	3372	"61 LEWISTON"
62	"AND"	"AUBURN"	1893	1206			188	3287	"62 AUBURN"
63	"AND"	"AUBURN"	1849	3031			201	5081	"63 AUBURN"
64	"AND"	"AUBURN"	2045	1442			131	3618	"64 AUBURN"
64	"AND"	"MINOT"	613	1011			59	1683	"64 MINOT"
65	"AND"	"POLAND"	971	804			68	1843	"65 POLAND"
65	"CUM"	"NEW GLOUCESTER"	1314	1985			65	3364	"65 NEW GLOUCESTER"
66	"AND"	"POLAND"	645	734			62	1441	"66 POLAND"
66	"CUM"	"CASCO"	838	801			81	1720	"66 CASCO"
66	"CUM"	"RAYMOND"	1145	995			61	2201	"66 RAYMOND"
67	"CUM"	"CASCO"	157	252			26	435	"67 CASCO"
67	"CUM"	"FRYE ISLAND"	25	50			3	78	"67 FRYE ISLAND"
67	"CUM"	"GRAY"	1421	2655			143	4219	"67 GRAY"
67	"CUM"	"RAYMOND"	250	404			43	697	"67 RAYMOND"
68	"CUM"	"BALDWIN"	353	514			69	936	"68 BALDWIN"
68	"CUM"	"NAPLES"	1139	1106			88	2333	"68 NAPLES"
68	"CUM"	"SEBAGO"	524	547			61	1132	"68 SEBAGO"
68	"YOR"	"CORNISH"	385	394			57	836	"68 CORNISH"
68	"YOR"	"PARSONSFIELD"	150	159			24	333	"68 PARSONSFIELD"
69	"CUM"	"BRIDGTON"		1649	1233	3	142	3027	"69 BRIDGTON"
69	"CUM"	"HARRISON"		551	912	0	34	1497	"69 HARRISON"
69	"OXF"	"DENMARK"		398	306	0	48	752	"69 DENMARK"
70	"OXF"	"BROWNFIELD"	347	490			41	878	"70 BROWNFIELD"
70	"OXF"	"FRYEBURG"	823	931			79	1833	"70 FRYEBURG"
70	"OXF"	"HIRAM"	342	486			29	857	"70 HIRAM"
70	"OXF"	"LOVELL"	298	326			34	658	"70 LOVELL"
70	"OXF"	"PORTER"	310	488			24	822	"70 PORTER"
71	"OXF"	"NORWAY"	1125	1455			113	2693	"71 NORWAY"
71	"OXF"	"SWEDEN"	122	120			14	256	"71 SWEDEN"
71	"OXF"	"WATERFORD"	349	555			43	947	"71 WATERFORD"
71	"OXF"	"WEST PARIS"	385	579			51	1015	"71 WEST PARIS"
72	"AND"	"MECHANIC FALLS"	763	741			82	1586	"72 MECHANIC FALLS"
72	"OXF"	"OTISFIELD"	327	702			65	1094	"72 OTISFIELD"
72	"OXF"	"OXFORD"	469	1653			108	2230	"72 OXFORD"
73	"OXF"	"BUCKFIELD"	518	544			50	1112	"73 BUCKFIELD"
73	"OXF"	"HEBRON"	247	457			49	753	"73 HEBRON"
73	"OXF"	"PARIS"	712	1936			104	2752	"73 PARIS"
74	"AND"	"LIVERMORE"	329	349			25	703	"74 LIVERMORE"
74	"AND"	"LIVERMORE FALLS"	717	719			50	1486	"74 LIVERMORE FALLS"
74	"FRA"	"JAY"	1313	1232			55	2600	"74 JAY"
75	"AND"	"LEEDS"	582	677			40	1299	"75 LEEDS"
75	"AND"	"LIVERMORE"	188	434			14	636	"75 LIVERMORE"
75	"AND"	"TURNER"	895	2427			61	3383	"75 TURNER"
76	"KEN"	"BELGRADE"	637	1365			47	2049	"76 BELGRADE"
76	"KEN"	"FAYETTE"	368	388			33	789	"76 FAYETTE"
76	"KEN"	"MOUNT VERNON"	463	562			39	1064	"76 MOUNT VERNON"
76	"KEN"	"ROME"	257	345			20	622	"76 ROME"
76	"KEN"	"VIENNA"	184	186			26	396	"76 VIENNA"
76	"KEN"	"WAYNE"	465	332			18	815	"76 WAYNE"
77	"KEN"	"OAKLAND"	876	1629			62	2567	"77 OAKLAND"
77	"KEN"	"SIDNEY"	1101	1500			65	2666	"77 SIDNEY"
78	"KEN"	"BENTON"	182	158			13	353	"78 BENTON"
78	"KEN"	"WINSLOW"	2206	2088			111	4405	"78 WINSLOW"
79	"KEN"	"ALBION"	342	780			53	1175	"79 ALBION"
79	"KEN"	"BENTON"	461	688			64	1213	"79 BENTON"
79	"KEN"	"CHINA"	955	1472			89	2516	"79 CHINA"
80	"KEN"	"AUGUSTA"	370	397			45	812	"80 AUGUSTA"
80	"KEN"	"VASSALBORO"	1207	1212			61	2480	"80 VASSALBORO"
80	"KEN"	"WINDSOR"	575	758			55	1388	"80 WINDSOR"
80	"LIN"	"SOMERVILLE"	144	176			26	346	"80 SOMERVILLE"
81	"KEN"	"MONMOUTH"	91	60			10	161	"81 MONMOUTH"
81	"KEN"	"READFIELD"	1048	576			42	1666	"81 READFIELD"
81	"KEN"	"WINTHROP"	2417	1213			78	3708	"81 WINTHROP"
82	"AND"	"WALES"		610	252		29	891	"82 WALES"
82	"KEN"	"LITCHFIELD"		922	1075		88	2085	"82 LITCHFIELD"
82	"KEN"	"MONMOUTH"		844	1354		53	2251	"82 MONMOUTH"
83	"KEN"	"FARMINGDALE"	936	716			71	1723	"83 FARMINGDALE"
83	"KEN"	"GARDINER"	1762	1237			121	3120	"83 GARDINER"
84	"KEN"	"HALLOWELL"	1346				313	1659	"84 HALLOWELL"
84	"KEN"	"MANCHESTER"	1200				479	1679	"84 MANCHESTER"
84	"KEN"	"WEST GARDINER"	1569				640	2209	"84 WEST GARDINER"
85	"KEN"	"AUGUSTA"	3470				933	4403	"85 AUGUSTA"
86	"KEN"	"AUGUSTA"		3245			754	3999	"86 AUGUSTA"
87	"KEN"	"PITTSTON"	483	1198			42	1723	"87 PITTSTON"
87	"KEN"	"RANDOLPH"	374	602			42	1018	"87 RANDOLPH"
87	"LIN"	"ALNA"	275	191			16	482	"87 ALNA"
87	"LIN"	"WISCASSET"	1125	1050			76	2251	"87 WISCASSET"
88	"KEN"	"CHELSEA"	458	1007			62	1527	"88 CHELSEA"
88	"LIN"	"JEFFERSON"	613	934			66	1613	"88 JEFFERSON"
88	"LIN"	"NOBLEBORO"	238	339			25	602	"88 NOBLEBORO"
88	"LIN"	"WHITEFIELD"	743	634			54	1431	"88 WHITEFIELD"
89	"LIN"	"BOOTHBAY"		1207	881		25	2113	"89 BOOTHBAY"
89	"LIN"	"BOOTHBAY HARBOR"		807	558		28	1393	"89 BOOTHBAY HARBOR"
89	"LIN"	"EDGECOMB"		385	414		24	823	"89 EDGECOMB"
89	"LIN"	"SOUTH BRISTOL"		180	260		34	474	"89 SOUTH BRISTOL"
89	"LIN"	"SOUTHPORT"		235	191		5	431	"89 SOUTHPORT"
89	"LIN"	"WESTPORT ISLAND"		234	260		22	516	"89 WESTPORT ISLAND"
90	"LIN"	"BREMEN"	287	208			18	513	"90 BREMEN"
90	"LIN"	"BRISTOL"	1016	816			62	1894	"90 BRISTOL"
90	"LIN"	"DAMARISCOTTA"	811	511			50	1372	"90 DAMARISCOTTA"
90	"LIN"	"MONHEGAN ISLAND"	49	9			2	60	"90 MONHEGAN ISLAND"
90	"LIN"	"NEWCASTLE"	789	441			40	1270	"90 NEWCASTLE"
90	"LIN"	"NOBLEBORO"	306	247			21	574	"90 NOBLEBORO"
90	"LIN"	"SOUTH BRISTOL"	77	72			7	156	"90 SOUTH BRISTOL"
91	"KNO"	"FRIENDSHIP"	281	457			20	758	"91 FRIENDSHIP"
91	"KNO"	"UNION"	277	243			15	535	"91 UNION"
91	"KNO"	"WASHINGTON"	421	499			30	950	"91 WASHINGTON"
91	"LIN"	"WALDOBORO"	1258	1519			57	2834	"91 WALDOBORO"
92	"KNO"	"CRIEHAVEN"	1	0			0	1	"92 CRIEHAVEN"
92	"KNO"	"CUSHING"	439	394			49	882	"92 CUSHING"
92	"KNO"	"MATINICUS ISLE"	30	15			8	53	"92 MATINICUS ISLE"
92	"KNO"	"SAINT GEORGE"	1012	606			71	1689	"92 SAINT GEORGE"
92	"KNO"	"SOUTH THOMASTON"	573	321			32	926	"92 SOUTH THOMASTON"
92	"KNO"	"THOMASTON"	910	551			55	1516	"92 THOMASTON"
93	"KNO"	"OWLS HEAD"	491	503			44	1038	"93 OWLS HEAD"
93	"KNO"	"ROCKLAND"	2021	1481			148	3650	"93 ROCKLAND"
94	"KNO"	"CAMDEN"	1796		1576		131	3503	"94 CAMDEN"
94	"KNO"	"ROCKPORT"	1000		1297		65	2362	"94 ROCKPORT"
94	"WAL"	"ISLESBORO"	220		192		18	430	"94 ISLESBORO"
95	"KNO"	"APPLETON"	404	446			24	874	"95 APPLETON"
95	"KNO"	"HOPE"	578	432			38	1048	"95 HOPE"
95	"KNO"	"UNION"	348	464			22	834	"95 UNION"
95	"KNO"	"WARREN"	734	1358			61	2153	"95 WARREN"
96	"WAL"	"BELMONT"	257	278			42	577	"96 BELMONT"
96	"WAL"	"LIBERTY"	268	271			27	566	"96 LIBERTY"
96	"WAL"	"LINCOLNVILLE"	982	517			75	1574	"96 LINCOLNVILLE"
96	"WAL"	"MONTVILLE"	375	248			24	647	"96 MONTVILLE"
96	"WAL"	"MORRILL"	233	277			41	551	"96 MORRILL"
96	"WAL"	"PALERMO"	292	544			54	890	"96 PALERMO"
96	"WAL"	"SEARSMONT"	459	352			42	853	"96 SEARSMONT"
97	"WAL"	"BELFAST"	2896	948			154	3998	"97 BELFAST"
97	"WAL"	"NORTHPORT"	666	332			39	1037	"97 NORTHPORT"
97	"WAL"	"WALDO"	318	155			16	489	"97 WALDO"
98	"WAL"	"FRANKFORT"	226	408			37	671	"98 FRANKFORT"
98	"WAL"	"SEARSPORT"	440	1090			40	1570	"98 SEARSPORT"
98	"WAL"	"SWANVILLE"	269	484			46	799	"98 SWANVILLE"
98	"WAL"	"WINTERPORT"	1184	987			59	2230	"98 WINTERPORT"
99	"WAL"	"BROOKS"	220	344			17	581	"99 BROOKS"
99	"WAL"	"BURNHAM"	267	384			38	689	"99 BURNHAM"
99	"WAL"	"FREEDOM"	213	214			13	440	"99 FREEDOM"
99	"WAL"	"JACKSON"	120	199			15	334	"99 JACKSON"
99	"WAL"	"KNOX"	128	322			9	459	"99 KNOX"
99	"WAL"	"MONROE"	253	278			30	561	"99 MONROE"
99	"WAL"	"THORNDIKE"	182	243			17	442	"99 THORNDIKE"
99	"WAL"	"TROY"	242	300			32	574	"99 TROY"
99	"WAL"	"UNITY"	492	510			68	1070	"99 UNITY"
100	"PEN"	"CORINNA"		1009			152	1161	"100 CORINNA"
100	"PEN"	"DIXMONT"		599			147	746	"100 DIXMONT"
100	"PEN"	"ETNA"		389			105	494	"100 ETNA"
100	"PEN"	"NEWPORT"		1436			334	1770	"100 NEWPORT"
100	"PEN"	"PLYMOUTH"		636			112	748	"100 PLYMOUTH"
101	"PEN"	"HAMPDEN"	1555	2848			129	4532	"101 HAMPDEN"
101	"PEN"	"NEWBURGH"	289	644			33	966	"101 NEWBURGH"
102	"PEN"	"GLENBURN"	599	1884			123	2606	"102 GLENBURN"
102	"PEN"	"KENDUSKEAG"	171	542			29	742	"102 KENDUSKEAG"
102	"PEN"	"LEVANT"	467	1030			98	1595	"102 LEVANT"
103	"PEN"	"CARMEL"	315	1262			55	1632	"103 CARMEL"
103	"PEN"	"ETNA"	41	112			10	163	"103 ETNA"
103	"PEN"	"HERMON"	1206	2223			159	3588	"103 HERMON"
104	"PEN"	"CHARLESTON"	167	512			37	716	"104 CHARLESTON"
104	"PEN"	"DEXTER"	751	1016			62	1829	"104 DEXTER"
104	"PEN"	"EXETER"	173	351			26	550	"104 EXETER"
104	"PEN"	"GARLAND"	194	355			28	577	"104 GARLAND"
104	"PEN"	"STETSON"	248	428			56	732	"104 STETSON"
105	"SOM"	"CAMBRIDGE"	100	163			6	269	"105 CAMBRIDGE"
105	"SOM"	"CANAAN"	428	693			35	1156	"105 CANAAN"
105	"SOM"	"HARTLAND"	288	569			31	888	"105 HARTLAND"
105	"SOM"	"PALMYRA"	388	646			55	1089	"105 PALMYRA"
105	"SOM"	"RIPLEY"	102	149			18	269	"105 RIPLEY"
105	"SOM"	"SAINT ALBANS"	360	766			37	1163	"105 SAINT ALBANS"
106	"KEN"	"CLINTON"	789	847			71	1707	"106 CLINTON"
106	"SOM"	"DETROIT"	204	196			15	415	"106 DETROIT"
106	"SOM"	"PITTSFIELD"	930	1012			38	1980	"106 PITTSFIELD"
107	"SOM"	"MADISON"	18	12	7		1	38	"107 MADISON"
107	"SOM"	"SKOWHEGAN"	1534	1367	1144		110	4155	"107 SKOWHEGAN"
108	"SOM"	"FAIRFIELD"	1246	2009			127	3382	"108 FAIRFIELD"
108	"SOM"	"MERCER"	140	254			30	424	"108 MERCER"
108	"SOM"	"SMITHFIELD"	190	389			45	624	"108 SMITHFIELD"
109	"KEN"	"WATERVILLE"	3497				769	4266	"109 WATERVILLE"
110	"KEN"	"OAKLAND"	341	640			48	1029	"110 OAKLAND"
110	"KEN"	"WATERVILLE"	1966	1022			179	3167	"110 WATERVILLE"
111	"SOM"	"MADISON"	953	1266			49	2268	"111 MADISON"
111	"SOM"	"NORRIDGEWOCK"	704	1097			39	1840	"111 NORRIDGEWOCK"
111	"SOM"	"SOLON"	318	266			23	607	"111 SOLON"
112	"FRA"	"AVON"	82	149			17	248	"112 AVON"
112	"FRA"	"CARRABASSETT VALLEY"	215	219			40	474	"112 CARRABASSETT VALLEY"
112	"FRA"	"CARTHAGE"	74	196			22	292	"112 CARTHAGE"
112	"FRA"	"KINGFIELD"	269	487			54	810	"112 KINGFIELD"
112	"FRA"	"PERKINS TOWNSHIP"	7	6			0	13	"112 PERKINS TOWNSHIP"
112	"FRA"	"PHILLIPS"	243	376			30	649	"112 PHILLIPS"
112	"FRA"	"SANDY RIVER"	41	48			4	93	"112 SANDY RIVER"
112	"FRA"	"FREEMAN TOWNSHIP"	30	73			5	108	"112 FREEMAN TOWNSHIP"
112	"FRA"	"WASHINGTON"	6	11			0	17	"112 WASHINGTON"
112	"FRA"	"WELD"	70	213			5	288	"112 WELD"
112	"FRA"	"EAST CENTRAL FRANKLIN"	43	90			5	138	"112 EAST CENTRAL FRANKLIN"
112	"SOM"	"ANSON"	345	770			60	1175	"112 ANSON"
112	"SOM"	"NEW PORTLAND"	171	240			31	442	"112 NEW PORTLAND"
112	"SOM"	"STARKS"	131	205			21	357	"112 STARKS"
113	"FRA"	"FARMINGTON"	1972	1877			134	3983	"113 FARMINGTON"
113	"FRA"	"NEW SHARON"	366	554			22	942	"113 NEW SHARON"
114	"FRA"	"CHESTERVILLE"	307	419			21	747	"114 CHESTERVILLE"
114	"FRA"	"INDUSTRY"	176	282			12	470	"114 INDUSTRY"
114	"FRA"	"NEW VINEYARD"	119	313			18	450	"114 NEW VINEYARD"
114	"FRA"	"STRONG"	158	499			15	672	"114 STRONG"
114	"FRA"	"TEMPLE"	132	186			10	328	"114 TEMPLE"
114	"FRA"	"WILTON"	564	1606			58	2228	"114 WILTON"
115	"OXF"	"MILTON"	32	53			3	88	"115 MILTON"
115	"OXF"	"ROXBURY"	129	110			10	249	"115 ROXBURY"
115	"OXF"	"RUMFORD"	1717	1114			93	2924	"115 RUMFORD"
115	"OXF"	"SUMNER"	223	301			35	559	"115 SUMNER"
115	"OXF"	"WOODSTOCK"	284	452			60	796	"115 WOODSTOCK"
116	"OXF"	"CANTON"	206	314			19	539	"116 CANTON"
116	"OXF"	"DIXFIELD"	439	831			36	1306	"116 DIXFIELD"
116	"OXF"	"HARTFORD"	182	455			18	655	"116 HARTFORD"
116	"OXF"	"MEXICO"	876	466			20	1362	"116 MEXICO"
116	"OXF"	"PERU"	397	554			27	978	"116 PERU"
117	"FRA"	"COPLIN"	45	53			5	103	"117 COPLIN"
117	"FRA"	"DALLAS"	92	105			10	207	"117 DALLAS"
117	"FRA"	"EUSTIS"	174	215			36	425	"117 EUSTIS"
117	"FRA"	"RANGELEY"	297	404			42	743	"117 RANGELEY"
117	"FRA"	"RANGELEY"	60	94			8	162	"117 RANGELEY"
117	"OXF"	"SOUTH OXFORD"	118	188			9	315	"117 SOUTH OXFORD"
117	"OXF"	"ANDOVER"	218	309			19	546	"117 ANDOVER"
117	"OXF"	"BETHEL"	715	948			49	1712	"117 BETHEL"
117	"OXF"	"BYRON"	42	42			9	93	"117 BYRON"
117	"OXF"	"GILEAD"	36	76			6	118	"117 GILEAD"
117	"OXF"	"GREENWOOD"	185	271			18	474	"117 GREENWOOD"
117	"OXF"	"HANOVER"	73	109			7	189	"117 HANOVER"
117	"OXF"	"LINCOLN"	6	21			2	29	"117 LINCOLN"
117	"OXF"	"LOVELL"	24	32			2	58	"117 LOVELL"
117	"OXF"	"MAGALLOWAY"	1	17			0	18	"117 MAGALLOWAY"
117	"OXF"	"NEWRY"	117	149			16	282	"117 NEWRY"
117	"OXF"	"STONEHAM"	79	85			12	176	"117 STONEHAM"
117	"OXF"	"STOW"	112	104			11	227	"117 STOW"
117	"OXF"	"UPTON"	12	41			7	60	"117 UPTON"
118	"FRA"	"WYMAN"	14	16			3	33	"118 WYMAN"
118	"PIS"	"KINGSBURY"	3	13			3	19	"118 KINGSBURY"
118	"PIS"	"WELLINGTON"	48	57			15	120	"118 WELLINGTON"
118	"SOM"	"ATHENS"	178	296			27	501	"118 ATHENS"
118	"SOM"	"BINGHAM"	195	298			51	544	"118 BINGHAM"
118	"SOM"	"BRIGHTON"	14	33			2	49	"118 BRIGHTON"
118	"SOM"	"CARATUNK"	24	21			5	50	"118 CARATUNK"
118	"SOM"	"CONCORD TOWNSHIP"	1	2			0	3	"118 CONCORD TOWNSHIP"
118	"SOM"	"CORNVILLE"	349	338			45	732	"118 CORNVILLE"
118	"SOM"	"DENNISTOWN"	5	17			4	26	"118 DENNISTOWN"
118	"SOM"	"EMBDEN"	190	306			39	535	"118 EMBDEN"
118	"SOM"	"HARMONY"	167	282			44	493	"118 HARMONY"
118	"SOM"	"HIGHLAND"	36	73			9	118	"118 HIGHLAND"
118	"SOM"	"JACKMAN"	150	339			55	544	"118 JACKMAN"
118	"SOM"	"LEXINGTON/SPRING LAKE"	5	14			2	21	"118 LEXINGTON/SPRING LAKE"
118	"SOM"	"MOOSE RIVER"	15	93			11	119	"118 MOOSE RIVER"
118	"SOM"	"MOSCOW"	97	134			32	263	"118 MOSCOW"
118	"SOM"	"PLEASANT RIDGE"	13	35			3	51	"118 PLEASANT RIDGE"
118	"SOM"	"NORTHEAST SOMERSET"	61	145			18	224	"118 NORTHEAST SOMERSET"
118	"SOM"	"THE FORKS"	12	26			6	44	"118 THE FORKS"
118	"SOM"	"WEST FORKS"	16	29			4	49	"118 WEST FORKS"
118	"SOM"	"NORTHWEST SOMERSET"	6	16			2	24	"118 NORTHWEST SOMERSET"
119	"PIS"	"ABBOT"		341			67	408	"119 ABBOT"
119	"PIS"	"BARNARD/EBEEMEE/T4 R9 NWP/WILLIAMSBURG"		88			16	104	"119 BARNARD/EBEEMEE/T4 R9 NWP/WILLIAMSBURG"
119	"PIS"	"BEAVER COVE"		83			18	101	"119 BEAVER COVE"
119	"PIS"	"BOWERBANK"		82			11	93	"119 BOWERBANK"
119	"PIS"	"ELLIOTTSVILLE"		11			5	16	"119 ELLIOTTSVILLE"
119	"PIS"	"GREENVILLE"		923			205	1128	"119 GREENVILLE"
119	"PIS"	"GUILFORD"		634			68	702	"119 GUILFORD"
119	"PIS"	"MILLINOCKET PISCATAQUS TOWNSHIPS"		59			8	67	"119 MILLINOCKET PISCATAQUS TOWNSHIPS"
119	"PIS"	"MONSON"		376			82	458	"119 MONSON"
119	"PIS"	"PARKMAN"		427			71	498	"119 PARKMAN"
119	"PIS"	"SANGERVILLE"		658			73	731	"119 SANGERVILLE"
119	"PIS"	"SEBEC"		338			57	395	"119 SEBEC"
119	"PIS"	"SHIRLEY"		131			19	150	"119 SHIRLEY"
119	"PIS"	"T10 R15 WELS"		1			0	1	"119 T10 R15 WELS"
119	"PIS"	"WILLIMANTIC"		70			18	88	"119 WILLIMANTIC"
119	"PIS"	"NORTHEAST PISCATAQUIS"		99			21	120	"119 NORTHEAST PISCATAQUIS"
119	"PIS"	"NORTHWEST PISCATAQUIS"	0	60			8	68	"119 NORTHWEST PISCATAQUIS"
120	"PIS"	"ATKINSON"	79	103			6	188	"120 ATKINSON"
120	"PIS"	"BROWNVILLE"	256	328			27	611	"120 BROWNVILLE"
120	"PIS"	"DOVER-FOXCROFT"	1031	1096			49	2176	"120 DOVER-FOXCROFT"
120	"PIS"	"LAKE VIEW"	35	36			2	73	"120 LAKE VIEW"
120	"PIS"	"MEDFORD"	64	81			7	152	"120 MEDFORD"
120	"PIS"	"MILO"	530	656			53	1239	"120 MILO"
121	"PEN"	"ALTON"	243	220			10	473	"121 ALTON"
121	"PEN"	"ARGYLE"	89	60			5	154	"121 ARGYLE"
121	"PEN"	"CORINTH"	618	849			64	1531	"121 CORINTH"
121	"PEN"	"HUDSON"	413	321			24	758	"121 HUDSON"
121	"PEN"	"MILFORD"	848	738			59	1645	"121 MILFORD"
122	"PEN"	"OLD TOWN"	2233	1501			214	3948	"122 OLD TOWN"
122	"PEN"	"PENOBSCOT INDIAN ISLAND"	198	60			26	284	"122 PENOBSCOT INDIAN ISLAND"
123	"PEN"	"ORONO"	2812	1515			420	4747	"123 ORONO"
124	"PEN"	"BANGOR"	2233	1521			258	4012	"124 BANGOR"
124	"PEN"	"ORONO"	458	318			33	809	"124 ORONO"
125	"PEN"	"BANGOR"	2093	1818	232		160	4303	"125 BANGOR"
126	"PEN"	"BANGOR"	1796	1458			188	3442	"126 BANGOR"
127	"PEN"	"BANGOR"	2208	1719			228	4155	"127 BANGOR"
128	"PEN"	"BREWER"	2350	2407			195	4952	"128 BREWER"
129	"PEN"	"BREWER"	126	203			23	352	"129 BREWER"
129	"PEN"	"CLIFTON"	195	301			22	518	"129 CLIFTON"
129	"PEN"	"EDDINGTON"	455	859			53	1367	"129 EDDINGTON"
129	"PEN"	"HOLDEN"	694	1265			91	2050	"129 HOLDEN"
129	"PEN"	"VEAZIE"	490	602			76	1168	"129 VEAZIE"
130	"HAN"	"BUCKSPORT"	1080	1472			103	2655	"130 BUCKSPORT"
130	"PEN"	"ORRINGTON"	641	1693			81	2415	"130 ORRINGTON"
131	"HAN"	"DEDHAM"	316	758			26	1100	"131 DEDHAM"
131	"HAN"	"ORLAND"	389	983			30	1402	"131 ORLAND"
131	"HAN"	"OTIS"	91	342			16	449	"131 OTIS"
131	"HAN"	"PENOBSCOT"	370	420			20	810	"131 PENOBSCOT"
131	"HAN"	"VERONA ISLAND"	99	208			7	314	"131 VERONA ISLAND"
131	"WAL"	"PROSPECT"	87	313			18	418	"131 PROSPECT"
131	"WAL"	"STOCKTON SPRINGS"	333	664			24	1021	"131 STOCKTON SPRINGS"
132	"HAN"	"ELLSWORTH"	2675	1567			108	4350	"132 ELLSWORTH"
132	"HAN"	"TRENTON"	525	323			30	878	"132 TRENTON"
133	"HAN"	"BLUE HILL"	1093	686			45	1824	"133 BLUE HILL"
133	"HAN"	"BROOKLIN"	350	212			12	574	"133 BROOKLIN"
133	"HAN"	"BROOKSVILLE"	404	238			15	657	"133 BROOKSVILLE"
133	"HAN"	"CASTINE"	324	241			35	600	"133 CASTINE"
133	"HAN"	"SEDGWICK"	410	327			26	763	"133 SEDGWICK"
133	"HAN"	"SURRY"	440	552			24	1016	"133 SURRY"
134	"HAN"	"CRANBERRY ISLES"	126				27	153	"134 CRANBERRY ISLES"
134	"HAN"	"DEER ISLE"	1031				199	1230	"134 DEER ISLE"
134	"HAN"	"FRENCHBORO"	27				6	33	"134 FRENCHBORO"
134	"HAN"	"SOUTHWEST HARBOR"	881				254	1135	"134 SOUTHWEST HARBOR"
134	"HAN"	"STONINGTON"	522				89	611	"134 STONINGTON"
134	"HAN"	"SWANS ISLAND"	193				61	254	"134 SWANS ISLAND"
134	"HAN"	"TREMONT"	737				206	943	"134 TREMONT"
134	"KNO"	"ISLE AU HAUT"	54				12	66	"134 ISLE AU HAUT"
134	"KNO"	"NORTH HAVEN"	251				50	301	"134 NORTH HAVEN"
134	"KNO"	"VINALHAVEN"	639				148	787	"134 VINALHAVEN"
135	"HAN"	"BAR HARBOR"	2480	622			115	3217	"135 BAR HARBOR"
135	"HAN"	"LAMOINE"	498	579			35	1112	"135 LAMOINE"
135	"HAN"	"MOUNT DESERT"	988	404			44	1436	"135 MOUNT DESERT"
136	"HAN"	"CENTRAL HANCOCK"	17	31			3	51	"136 CENTRAL HANCOCK"
136	"HAN"	"GOULDSBORO"	462	548			24	1034	"136 GOULDSBORO"
136	"HAN"	"HANCOCK"	430	853			48	1331	"136 HANCOCK"
136	"HAN"	"MARIAVILLE"	102	173			17	292	"136 MARIAVILLE"
136	"HAN"	"OSBORN"	13	26			2	41	"136 OSBORN"
136	"HAN"	"SORRENTO"	92	107			11	210	"136 SORRENTO"
136	"HAN"	"SULLIVAN"	356	294			27	677	"136 SULLIVAN"
136	"HAN"	"T10 SD"	1	0			0	1	"136 T10 SD"
136	"HAN"	"T7 SD"	3	1			1	5	"136 T7 SD"
136	"HAN"	"WALTHAM"	41	159			10	210	"136 WALTHAM"
136	"HAN"	"WINTER HARBOR"	124	165			21	310	"136 WINTER HARBOR"
136	"WAS"	"STEUBEN"	286	305			49	640	"136 STEUBEN"
136	"HAN"	"EAST HANCOCK"	4	1			1	6	"136 EAST HANCOCK"
137	"HAN"	"AMHERST"	53	115			6	174	"137 AMHERST"
137	"HAN"	"AURORA"	23	52			1	76	"137 AURORA"
137	"HAN"	"EASTBROOK"	81	152			11	244	"137 EASTBROOK"
137	"HAN"	"FRANKLIN"	392	386			33	811	"137 FRANKLIN"
137	"HAN"	"GREAT POND"	15	26			0	41	"137 GREAT POND"
137	"HAN"	"T10 SD"	3	9			1	13	"137 T10 SD"
137	"HAN"	"T22 MD"	0	5			0	5	"137 T22 MD"
137	"HAN"	"T3 ND"	3	3			0	6	"137 T3 ND"
137	"HAN"	"T9 SD/T10 SD"	1	6			0	7	"137 T9 SD/T10 SD"
137	"PEN"	"BRADFORD"	228	422			29	679	"137 BRADFORD"
137	"PEN"	"BRADLEY"	337	445			52	834	"137 BRADLEY"
137	"PEN"	"EDINBURG"	33	42			0	75	"137 EDINBURG"
137	"PEN"	"GRAND FALLS TOWNSHIP"	5	1			1	7	"137 GRAND FALLS TOWNSHIP"
137	"PEN"	"GREENBUSH"	221	454			34	709	"137 GREENBUSH"
137	"PEN"	"LAGRANGE"	124	221			25	370	"137 LAGRANGE"
137	"PEN"	"GREENFIELD TOWNSHIP"	41	90			7	138	"137 GREENFIELD TOWNSHIP"
137	"PEN"	"PASSADUMKEAG"	57	156			11	224	"137 PASSADUMKEAG"
137	"WAS"	"BEDDINGTON"	12	24			1	37	"137 BEDDINGTON"
137	"WAS"	"DEBLOIS"	10	28			1	39	"137 DEBLOIS"
137	"WAS"	"NORTHFIELD"	36	65			7	108	"137 NORTHFIELD"
137	"WAS"	"WESLEY"	28	51			4	83	"137 WESLEY"
137	"PEN"	"EAST CENTRAL PENOBSCOT"	46	91			8	145	"137 EAST CENTRAL PENOBSCOT"
137	"HAN"	"EAST HANCOCK"	7	23			1	31	"137 EAST HANCOCK"
138	"WAS"	"ADDISON"	347	318			15	680	"138 ADDISON"
138	"WAS"	"BEALS"	167	111			10	288	"138 BEALS"
138	"WAS"	"NORTH WASHINGTON"	4	14			0	18	"138 NORTH WASHINGTON"
138	"WAS"	"CHERRYFIELD"	296	330			25	651	"138 CHERRYFIELD"
138	"WAS"	"COLUMBIA"	87	131			2	220	"138 COLUMBIA"
138	"WAS"	"COLUMBIA FALLS"	119	178			5	302	"138 COLUMBIA FALLS"
138	"WAS"	"HARRINGTON"	223	266			12	501	"138 HARRINGTON"
138	"WAS"	"JONESBORO"	214	124			3	341	"138 JONESBORO"
138	"WAS"	"JONESPORT"	434	237			17	688	"138 JONESPORT"
138	"WAS"	"MARSHFIELD"	148	162			7	317	"138 MARSHFIELD"
138	"WAS"	"MILBRIDGE"	343	315			37	695	"138 MILBRIDGE"
138	"WAS"	"WHITNEYVILLE"	60	53			2	115	"138 WHITNEYVILLE"
139	"WAS"	"CUTLER"	28	263			6	297	"139 CUTLER"
139	"WAS"	"EAST MACHIAS"	150	569			8	727	"139 EAST MACHIAS"
139	"WAS"	"EASTPORT"	413	368			34	815	"139 EASTPORT"
139	"WAS"	"LUBEC"	206	591			26	823	"139 LUBEC"
139	"WAS"	"MACHIAS"	244	728			27	999	"139 MACHIAS"
139	"WAS"	"MACHIASPORT"	110	382			14	506	"139 MACHIASPORT"
139	"WAS"	"ROQUE BLUFFS"	57	115			1	173	"139 ROQUE BLUFFS"
139	"WAS"	"WHITING"	100	231			4	335	"139 WHITING"
140	"WAS"	"BAILEYVILLE"	353	334			20	707	"140 BAILEYVILLE"
140	"WAS"	"BARING"	57	62			8	127	"140 BARING"
140	"WAS"	"CALAIS"	699	748			58	1505	"140 CALAIS"
140	"WAS"	"CHARLOTTE"	80	103			2	185	"140 CHARLOTTE"
140	"WAS"	"INDIAN TOWNSHIP"	197	64			20	281	"140 INDIAN TOWNSHIP"
140	"WAS"	"PEMBROKE"	234	248			18	500	"140 PEMBROKE"
140	"WAS"	"PERRY"	229	225			17	471	"140 PERRY"
140	"WAS"	"PASSAMAQUODDY PLEASANT POINT"	166	68			21	255	"140 PASSAMAQUODDY PLEASANT POINT"
140	"WAS"	"ROBBINSTON"	150	169			11	330	"140 ROBBINSTON"
140	"WAS"	"PASSAMAQUODDY INDIAN TOWNSHIP"	363	132			41	536	"140 PASSAMAQUODDY INDIAN TOWNSHIP"
141	"PEN"	"BURLINGTON"	24	159			11	194	"141 BURLINGTON"
141	"PEN"	"CARROLL"	15	75			5	95	"141 CARROLL"
141	"PEN"	"CHESTER"	100	216			16	332	"141 CHESTER"
141	"PEN"	"DREW"	1	22			1	24	"141 DREW"
141	"PEN"	"KINGMAN"	11	57			3	71	"141 KINGMAN"
141	"PEN"	"LAKEVILLE"	15	44			0	59	"141 LAKEVILLE"
141	"PEN"	"LEE"	113	397			24	534	"141 LEE"
141	"PEN"	"LOWELL"	49	171			12	232	"141 LOWELL"
141	"PEN"	"MATTAWAMKEAG"	117	212			33	362	"141 MATTAWAMKEAG"
141	"PEN"	"PRENTISS"	22	68			8	98	"141 PRENTISS"
141	"PEN"	"SPRINGFIELD"	24	143			11	178	"141 SPRINGFIELD"
141	"PEN"	"WEBSTER"	15	16			1	32	"141 WEBSTER"
141	"PEN"	"WINN"	44	150			7	201	"141 WINN"
141	"WAS"	"ALEXANDER"	74	221			18	313	"141 ALEXANDER"
141	"WAS"	"BERRY/CATHANCE/MARION"	10	21			2	33	"141 BERRY/CATHANCE/MARION"
141	"WAS"	"CATHANCE"	2	6			3	11	"141 CATHANCE"
141	"WAS"	"COOPER"	22	68			5	95	"141 COOPER"
141	"WAS"	"CRAWFORD"	12	54			7	73	"141 CRAWFORD"
141	"WAS"	"DANFORTH"	93	253			27	373	"141 DANFORTH"
141	"WAS"	"DENNYSVILLE"	99	198			41	338	"141 DENNYSVILLE"
141	"WAS"	"GRAND LAKE STREAM"	18	80			4	102	"141 GRAND LAKE STREAM"
141	"WAS"	"MEDDYBEMPS"	33	70			2	105	"141 MEDDYBEMPS"
141	"WAS"	"PRINCETON"	105	371			34	510	"141 PRINCETON"
141	"WAS"	"T26 ED BPP TOWNSHIP"	0	3			0	3	"141 T26 ED BPP TOWNSHIP"
141	"WAS"	"TALMADGE"	9	30			1	40	"141 TALMADGE"
141	"WAS"	"TOPSFIELD"	22	94			5	121	"141 TOPSFIELD"
141	"WAS"	"VANCEBORO"	31	61			3	95	"141 VANCEBORO"
141	"WAS"	"WAITE"	8	41			2	51	"141 WAITE"
141	"WAS"	"NORTH WASHINGTON"	12	30			5	47	"141 NORTH WASHINGTON"
142	"PEN"	"ENFIELD"	273	544			36	853	"142 ENFIELD"
142	"PEN"	"HOWLAND"	238	415			45	698	"142 HOWLAND"
142	"PEN"	"LINCOLN"	615	1812			106	2533	"142 LINCOLN"
142	"PEN"	"NORTH PENOBSCOT"	2	39			1	42	"142 NORTH PENOBSCOT"
142	"PEN"	"MAXFIELD"	22	34			2	58	"142 MAXFIELD"
142	"PEN"	"SEBOEIS"	11	24			0	35	"142 SEBOEIS"
142	"PEN"	"WOODVILLE"	27	99			5	131	"142 WOODVILLE"
143	"PEN"	"EAST MILLINOCKET"	642	284			24	950	"143 EAST MILLINOCKET"
143	"PEN"	"GRINDSTONE/HERSEYTOWN/SOLDIERTOWN"	13	12			0	25	"143 GRINDSTONE/HERSEYTOWN/SOLDIERTOWN"
143	"PEN"	"HERSEYTOWN"	3	11			1	15	"143 HERSEYTOWN"
143	"PEN"	"MEDWAY"	482	251			18	751	"143 MEDWAY"
143	"PEN"	"MILLINOCKET"	1249	981			55	2285	"143 MILLINOCKET"
143	"PEN"	"MILLINOCKET PENOBSCOT TOWNSHIPS"	78	53			5	136	"143 MILLINOCKET PENOBSCOT TOWNSHIPS"
143	"PEN"	"PATTEN"	223	233			55	511	"143 PATTEN"
143	"PEN"	"T5 R7/T5 R8/T6 R8S"	4	7			1	12	"143 T5 R7/T5 R8/T6 R8S"
143	"PEN"	"NORTH PENOBSCOT"	98	83			7	188	"143 NORTH PENOBSCOT"
144	"ARO"	"AMITY"		111			13	124	"144 AMITY"
144	"ARO"	"CARY"		80			38	118	"144 CARY"
144	"ARO"	"GLENWOOD"		2			0	2	"144 GLENWOOD"
144	"ARO"	"HAYNESVILLE"		45			5	50	"144 HAYNESVILLE"
144	"ARO"	"HODGDON"		620			70	690	"144 HODGDON"
144	"ARO"	"HOULTON"		2369			403	2772	"144 HOULTON"
144	"ARO"	"MACWAHOC"		37			7	44	"144 MACWAHOC"
144	"ARO"	"MOLUNKUS"		40			8	48	"144 MOLUNKUS"
144	"ARO"	"ORIENT"		73			16	89	"144 ORIENT"
144	"ARO"	"REED"		62			17	79	"144 REED"
144	"ARO"	"BENEDICTA"		138			35	173	"144 BENEDICTA"
144	"ARO"	"T4 R3"		0			1	1	"144 T4 R3"
144	"ARO"	"WESTON"		158			27	185	"144 WESTON"
144	"ARO"	"SOUTH AROOSTOOK"		178			44	222	"144 SOUTH AROOSTOOK"
145	"ARO"	"BRIDGEWATER"	65	207	21		20	313	"145 BRIDGEWATER"
145	"ARO"	"CRYSTAL"	21	96	24		8	149	"145 CRYSTAL"
145	"ARO"	"DYER BROOK"	18	81	42		9	150	"145 DYER BROOK"
145	"ARO"	"E"	2	25	5		3	35	"145 E"
145	"ARO"	"HAMMOND"	13	32	4		1	50	"145 HAMMOND"
145	"ARO"	"HERSEY"	4	19	8		3	34	"145 HERSEY"
145	"ARO"	"ISLAND FALLS"	69	204	135		11	419	"145 ISLAND FALLS"
145	"ARO"	"LINNEUS"	81	280	83		38	482	"145 LINNEUS"
145	"ARO"	"LITTLETON"	91	317	77		24	509	"145 LITTLETON"
145	"ARO"	"LUDLOW"	76	103	41		14	234	"145 LUDLOW"
145	"ARO"	"MERRILL"	17	44	69		7	137	"145 MERRILL"
145	"ARO"	"MONTICELLO"	76	278	55		16	425	"145 MONTICELLO"
145	"ARO"	"MORO"	2	21	2		2	27	"145 MORO"
145	"ARO"	"NEW LIMERICK"	87	198	56		6	347	"145 NEW LIMERICK"
145	"ARO"	"OAKFIELD"	63	170	133		26	392	"145 OAKFIELD"
145	"ARO"	"SHERMAN"	65	307	84		18	474	"145 SHERMAN"
145	"ARO"	"SMYRNA"	29	65	49		10	153	"145 SMYRNA"
145	"ARO"	"T11 R4 WELS"	7	15	1		1	24	"145 T11 R4 WELS"
145	"ARO"	"TD R2 WELS"	4	0	0		0	4	"145 TD R2 WELS"
145	"PEN"	"MOUNT CHASE"	26	57	21		3	107	"145 MOUNT CHASE"
145	"PEN"	"STACYVILLE"	22	130	24		23	199	"145 STACYVILLE"
145	"ARO"	"CENTRAL AROOSTOOK"	13	40	6		4	63	"145 CENTRAL AROOSTOOK"
146	"ARO"	"BLAINE"	101	274			24	399	"146 BLAINE"
146	"ARO"	"CASTLE HILL"	94	129			11	234	"146 CASTLE HILL"
146	"ARO"	"CHAPMAN"	115	149			15	279	"146 CHAPMAN"
146	"ARO"	"MAPLETON"	401	718			36	1155	"146 MAPLETON"
146	"ARO"	"MARS HILL"	242	491			49	782	"146 MARS HILL"
146	"ARO"	"PERHAM"	91	105			11	207	"146 PERHAM"
146	"ARO"	"WADE"	56	86			4	146	"146 WADE"
146	"ARO"	"WASHBURN"	296	529			39	864	"146 WASHBURN"
146	"ARO"	"WESTFIELD"	107	140			11	258	"146 WESTFIELD"
146	"ARO"	"WOODLAND"	427	234			25	686	"146 WOODLAND"
147	"ARO"	"PRESQUE ISLE"	1782	2193			94	4069	"147 PRESQUE ISLE"
148	"ARO"	"CONNOR"	89	101			12	202	"148 CONNOR"
148	"ARO"	"CASWELL"	86	59			4	149	"148 CASWELL"
148	"ARO"	"CYR"	24	26			3	53	"148 CYR"
148	"ARO"	"EASTON"	289	381			19	689	"148 EASTON"
148	"ARO"	"FORT FAIRFIELD"	1117	557			30	1704	"148 FORT FAIRFIELD"
148	"ARO"	"HAMLIN"	47	48			9	104	"148 HAMLIN"
148	"ARO"	"LIMESTONE"	350	442			20	812	"148 LIMESTONE"
148	"ARO"	"PRESQUE ISLE"	146	201			9	356	"148 PRESQUE ISLE"
148	"ARO"	"STOCKHOLM"	62	90			5	157	"148 STOCKHOLM"
149	"ARO"	"CARIBOU"	1370	2396			121	3887	"149 CARIBOU"
149	"ARO"	"NEW SWEDEN"	128	230			19	377	"149 NEW SWEDEN"
149	"ARO"	"WESTMANLAND"	22	25			2	49	"149 WESTMANLAND"
150	"ARO"	"CROSS LAKE (T17 R5)"	98				23	121	"150 CROSS LAKE (T17 R5)"
150	"ARO"	"FRENCHVILLE"	551				75	626	"150 FRENCHVILLE"
150	"ARO"	"GRAND ISLE"	205				28	233	"150 GRAND ISLE"
150	"ARO"	"MADAWASKA"	1994				252	2246	"150 MADAWASKA"
150	"ARO"	"MADAWASKA LAKE (T16 R4)"	89				19	108	"150 MADAWASKA LAKE (T16 R4)"
150	"ARO"	"SAINT AGATHA"	534				52	586	"150 SAINT AGATHA"
150	"ARO"	"T15 R6"	8				1	9	"150 T15 R6"
150	"ARO"	"T17 R3 VAN BUREN COVE"	23				1	24	"150 T17 R3 VAN BUREN COVE"
150	"ARO"	"VAN BUREN"	770				194	964	"150 VAN BUREN"
150	"ARO"	"SQUARE LAKE"	218				44	262	"150 SQUARE LAKE"
151	"ARO"	"ALLAGASH"	132				37	169	"151 ALLAGASH"
151	"ARO"	"ASHLAND"	525				103	628	"151 ASHLAND"
151	"ARO"	"BIG TWENTY/T15 R15 WELS"	1				1	2	"151 BIG TWENTY/T15 R15 WELS"
151	"ARO"	"EAGLE LAKE"	368				115	483	"151 EAGLE LAKE"
151	"ARO"	"FORT KENT"	1774				413	2187	"151 FORT KENT"
151	"ARO"	"GARFIELD"	42				11	53	"151 GARFIELD"
151	"ARO"	"MASARDIS"	110				20	130	"151 MASARDIS"
151	"ARO"	"NASHVILLE"	17				3	20	"151 NASHVILLE"
151	"ARO"	"NEW CANADA"	138				26	164	"151 NEW CANADA"
151	"ARO"	"OXBOW"	27				11	38	"151 OXBOW"
151	"ARO"	"PORTAGE LAKE"	204				56	260	"151 PORTAGE LAKE"
151	"ARO"	"SAINT FRANCIS"	209				37	246	"151 SAINT FRANCIS"
151	"ARO"	"SAINT JOHN"	142				25	167	"151 SAINT JOHN"
151	"ARO"	"T12/R13 WELS/T9 R8 WELS"	2				1	3	"151 T12/R13 WELS/T9 R8 WELS"
151	"ARO"	"WALLAGRASS"	259				42	301	"151 WALLAGRASS"
151	"ARO"	"WINTERVILLE"	100				38	138	"151 WINTERVILLE"
151	"ARO"	"NORTHWEST AROOSTOOK"	3				2	5	"151 NORTHWEST AROOSTOOK"
