			Pulchlopek, Ronald S. 	Rykerson, Deane 	BLANK	TOTAL VOTES CAST	
			Kittery	Kittery			
			Republican	Democrat			
1	YOR	KITTERY	1616	3326	293	5235	
1		STATE UOCAVA	7	29	1	37	
			1623	3355	294	5272	
							
			Lawrence, Mark W. 	Moynahan, Jonathan M. 	BLANK	TOTAL VOTES CAST	
			South Berwick	Eliot			
			Democrat	Republican			
2	YOR	ELIOT	2185	2029	139	4353	
2	YOR	KITTERY	306	188	19	513	
2	YOR	SOUTH BERWICK	605	333	25	963	
2		STATE UOCAVA	20	11	8	39	
			3116	2561	191	5868	
							
			Blume, Lydia C. 	Mantell, Peter G. 	BLANK	TOTAL VOTES CAST	
			York	York			
			Democrat	Republican			
3	YOR	YORK	3626	2471	272	6369	
3		STATE UOCAVA	26	2	4	32	
			3652	2473	276	6401	
							
			Hymanson, Patricia 	Moulton, Bradley S. 	BLANK	TOTAL VOTES CAST	
			York	York			
			Democrat	Republican			
4	YOR	OGUNQUIT	547	334	40	921	
4	YOR	SANFORD	771	842	109	1722	
4	YOR	WELLS	265	278	36	579	
4	YOR	YORK	1391	1187	81	2659	
4		STATE UOCAVA	26	8	1	35	
			3000	2649	267	5916	
							
			O'Connor, Beth A. 	Plante, Joshua R. 	BLANK	TOTAL VOTES CAST	
			Berwick	Berwick			
			Republican	Democrat			
5	YOR	BERWICK	2012	1873	120	4005	
5	YOR	NORTH BERWICK	477	423	32	932	
5		STATE UOCAVA	7	5	0	12	
			2496	2301	152	4949	
							
			Gove, Manley C. 	Parker, Jennifer Ellen 	BLANK	TOTAL VOTES CAST	
			South Berwick	South Berwick			
			Republican	Democrat			
6	YOR	NORTH BERWICK	981	889	95	1965	
6	YOR	SOUTH BERWICK	1350	1849	103	3302	
6		STATE UOCAVA	2	18	3	23	
			2333	2756	201	5290	
							
			Foley, Robert Alan 	Howard, Joachim H. 	BLANK	TOTAL VOTES CAST	
			Wells	Wells			
			Republican	Democrat			
7	YOR	WELLS	3722	2238	254	6214	
7		STATE UOCAVA	8	17	4	29	
			3730	2255	258	6243	
							
			Babbidge, Christopher W. 	Ducharme, Bradley Scott 	BLANK	TOTAL VOTES CAST	
			Kennebunk	Kennebunk			
			Democrat	Republican			
8	YOR	KENNEBUNK	3774	2203	296	6273	
8		STATE UOCAVA	29	6	1	36	
			3803	2209	297	6309	
							
			Denk, Diane M. 	Seavey, H. Stedman 	BLANK	TOTAL VOTES CAST	
			Kennebunk	Kennebunkport			
			Democrat	Republican			
9	YOR	BIDDEFORD	948	719	93	1760	
9	YOR	KENNEBUNK	623	700	54	1377	
9	YOR	KENNEBUNKPORT	1101	1344	57	2502	
9		STATE UOCAVA	43	6	4	53	
			2715	2769	208	5692	
							
			Ingwersen, Emily E. 	Parry, Wayne R. 	BLANK	TOTAL VOTES CAST	
			Arundel	Arundel			
			Democrat	Republican			
10	YOR	ARUNDEL	899	1516	121	2536	
10	YOR	DAYTON	355	842	73	1270	
10	YOR	LYMAN	650	1074	119	1843	
10		STATE UOCAVA	9	4	0	13	
			1913	3436	313	5662	
							
			Fecteau, Ryan Michael 	Morin, Renee P. 	BLANK	TOTAL VOTES CAST	
			Biddeford	Biddeford			
			Democrat	Republican			
11	YOR	BIDDEFORD	3185	1507	198	4890	
11		STATE UOCAVA	9	5	4	18	
			3194	1512	202	4908	
							
			Grohman, Martin J. 	Lauzon, Matthew D. 	BLANK	TOTAL VOTES CAST	
			Biddeford	Biddeford			
			Democrat	Independent			
12	YOR	BIDDEFORD	1847	1614	202	3663	
12		STATE UOCAVA	4	10	1	15	
			1851	1624	203	3678	
							
			Coleman, Michael E. 	Hogan, George W. 	BLANK	TOTAL VOTES CAST	
			Old Orchard Beach	Old Orchard Beach			
			Republican	Democrat			
13	YOR	OLD ORCHARD BEACH	2054	3267	278	5599	
13		STATE UOCAVA	7	10	3	20	
			2061	3277	281	5619	
							
			Bailey, Donna 	Christenbury, Jeffrey A. 	Johnston, Jacob C. 	BLANK	TOTAL VOTES CAST
			Saco	Saco	Saco		
			Democrat	Republican	Independent		
14	YOR	SACO	2606	1582	991	261	5440
14		STATE UOCAVA	8	6	4	4	22
			2614	1588	995	265	5462
							
			Bedell, Mark Alan 	O'Neil, Margaret M. 	BLANK	TOTAL VOTES CAST	
			Saco	Saco			
			Republican	Democrat			
15	YOR	SACO	1709	3331	334	5374	
15		STATE UOCAVA	4	11	0	15	
			1713	3342	334	5389	
							
			Marean, Donald G. 	Payne, River L. 	BLANK	TOTAL VOTES CAST	
			Hollis	Hollis			
			Republican	Democrat			
16	YOR	BUXTON	1732	1029	139	2900	
16	YOR	HOLLIS	1647	902	91	2640	
16	YOR	SACO	100	78	19	197	
16		STATE UOCAVA	10	3	0	13	
			3489	2012	249	5750	
							
			Gibson, Gerry R. 	Prescott, Dwayne Willis 	BLANK	TOTAL VOTES CAST	
			Waterboro	Waterboro			
			Democrat	Republican			
17	YOR	LYMAN	289	428	57	774	
17	YOR	WATERBORO	1465	2329	206	4000	
17		STATE UOCAVA	3	9	1	13	
			1757	2766	264	4787	
							
			Frohloff, Gordon E. 	Mastraccio, Anne-Marie 	BLANK	TOTAL VOTES CAST	
			Sanford	Sanford			
			Republican	Democrat			
18	YOR	SANFORD	1383	2326	262	3971	
18		STATE UOCAVA	3	5	1	9	
			1386	2331	263	3980	
							
			Harrington, Matthew A. 	Tero, Nalbert Tarbox 	BLANK	TOTAL VOTES CAST	
			Sanford	Sanford			
			Republican	Democrat			
19	YOR	SANFORD	2284	2168	217	4669	
19		STATE UOCAVA	4	11	3	18	
			2288	2179	220	4687	
							
			Gerrish, Karen A. 	Lauzon, Daniel J. 	BLANK	TOTAL VOTES CAST	
			Lebanon	Lebanon			
			Republican	Democrat			
20	YOR	ACTON	903	513	81	1497	
20	YOR	LEBANON	2181	897	120	3198	
20	YOR	SHAPLEIGH	278	151	33	462	
20		STATE UOCAVA	3	4	2	9	
			3365	1565	236	5166	
							
			Carroll, Aaron R. 	Sampson, Heidi H. 	BLANK	TOTAL VOTES CAST	
			Limerick	Alfred			
			Democrat	Republican			
21	YOR	ALFRED	611	1177	85	1873	
21	YOR	LIMERICK	408	416	30	854	
21	YOR	NEWFIELD	317	517	38	872	
21	YOR	PARSONSFIELD	284	370	40	694	
21	YOR	SHAPLEIGH	410	657	39	1106	
21		STATE UOCAVA	12	7	0	19	
			2042	3144	232	5418	
							
			Fitzgerald, Richard J. 	Kinney, Jonathan L. 	BLANK	TOTAL VOTES CAST	
			Buxton	Limington			
			Democrat	Republican			
22	CUM	STANDISH	173	219	18	410	
22	YOR	BUXTON	968	940	90	1998	
22	YOR	LIMERICK	341	448	29	818	
22	YOR	LIMINGTON	703	1325	66	2094	
22		STATE UOCAVA	7	6	0	13	
			2192	2938	203	5333	
							
			Ordway, Lester S. 	Smith, Pamela J. 	BLANK	TOTAL VOTES CAST	
			Standish	Standish			
			Republican	Democrat			
23	CUM	STANDISH	3163	1790	192	5145	
23		STATE UOCAVA	6	15	0	21	
			3169	1805	192	5166	
							
			Bryant, Mark E. 	Martin, Benjamin 	BLANK	TOTAL VOTES CAST	
			Windham	Windham			
			Democrat	Republican			
24	CUM	WINDHAM	2765	2345	188	5298	
24		STATE UOCAVA	10	2	0	12	
			2775	2347	188	5310	
							
			Corey, Patrick W. 	BLANK	TOTAL VOTES CAST		
			Windham				
			Republican				
25	CUM	WINDHAM	3988	854	4842		
25		STATE UOCAVA	12	5	17		
			4000	859	4859		
							
			Mattingly, Matthew L. 	Terry, Maureen Fitzgerald 	BLANK	TOTAL VOTES CAST	
			Gorham	Gorham			
			Republican	Democrat			
26	CUM	GORHAM	2257	2297	278	4832	
26		STATE UOCAVA	7	9	1	17	
			2264	2306	279	4849	
							
			McLean, Andrew J. 	Means, James D. 	BLANK	TOTAL VOTES CAST	
			Gorham	Gorham			
			Democrat	Republican			
27	CUM	GORHAM	2788	2178	149	5115	
27	CUM	SCARBOROUGH	363	356	35	754	
27		STATE UOCAVA	13	4	0	17	
			3164	2538	184	5886	
							
			Caiazzo, Christopher J. 	Sirocki, Heather W. 	BLANK	TOTAL VOTES CAST	
			Scarborough	Scarborough			
			Democrat	Republican			
28	CUM	SCARBOROUGH	2732	3034	235	6001	
28		STATE UOCAVA	15	12	4	31	
			2747	3046	239	6032	
							
			Kalikow, Theodora J. 	Vachon, Karen R. 	BLANK	TOTAL VOTES CAST	
			Scarborough	Scarborough			
			Democrat	Republican			
29	CUM	SCARBOROUGH	2811	3181	247	6239	
29		STATE UOCAVA	36	12	3	51	
			2847	3193	250	6290	
							
			Monaghan, Kimberly J. 	Van Syckel, George W. 	BLANK	TOTAL VOTES CAST	
			Cape Elizabeth	Cape Elizabeth			
			Democrat	Republican			
30	CUM	CAPE ELIZABETH	4096	1955	209	6260	
30		STATE UOCAVA	48	5	8	61	
			4144	1960	217	6321	
							
			Reckitt, Lois Galgay 	BLANK	TOTAL VOTES CAST		
			South Portland				
			Democrat				
31	CUM	SOUTH PORTLAND	4631	1130	5761		
31		STATE UOCAVA	39	5	44		
			4670	1135	5805		
							
			Hamann, Scott 	BLANK	TOTAL VOTES CAST		
			South Portland				
			Democrat				
32	CUM	CAPE ELIZABETH	260	78	338		
32	CUM	SOUTH PORTLAND	3906	1186	5092		
32		STATE UOCAVA	18	6	24		
			4184	1270	5454		
							
			Battle, Kevin J. 	Fox, Brad 	BLANK	TOTAL VOTES CAST	
			South Portland	South Portland			
			Republican	Democrat			
33	CUM	SOUTH PORTLAND	2158	1896	198	4252	
33		STATE UOCAVA	3	9	1	13	
			2161	1905	199	4265	
							
			Gattine, Andrew 	BLANK	TOTAL VOTES CAST		
			Westbrook				
			Democrat				
34	CUM	WESTBROOK	3901	1005	4906		
34		STATE UOCAVA	15	3	18		
			3916	1008	4924		
							
			Bates, Dillon F. 	Bourque, James R. 	BLANK	TOTAL VOTES CAST	
			Westbrook	Westbrook			
			Democrat	Republican			
35	CUM	WESTBROOK	2846	1962	306	5114	
35		STATE UOCAVA	13	6	1	20	
			2859	1968	307	5134	
							
			Harlow, Denise P. 	BLANK	TOTAL VOTES CAST		
			Portland				
			Democrat				
36	CUM	PORTLAND	3234	912	4146		
36		STATE UOCAVA	17	3	20		
			3251	915	4166		
							
			Farnsworth, Richard Ransom 	BLANK	TOTAL VOTES CAST		
			Portland				
			Democrat				
37	CUM	PORTLAND	3805	921	4726		
37		STATE UOCAVA	25	1	26		
			3830	922	4752		
							
			Loring, Thomas J. 	Moonen, Matthew W. 	BLANK	TOTAL VOTES CAST	
			Portland	Portland			
			Republican	Democrat			
38	CUM	PORTLAND	764	4269	464	5497	
38		STATE UOCAVA	9	41	4	54	
			773	4310	468	5551	
							
			Doyle, Peter Ignatius 	Sylvester, Michael A. 	BLANK	TOTAL VOTES CAST	
			Portland	Portland			
			Republican	Democrat			
39	CUM	PORTLAND	941	4314	387	5642	
39		STATE UOCAVA	3	73	8	84	
			944	4387	395	5726	
							
			Ross, Rachel Talbot 	BLANK	TOTAL VOTES CAST		
			Portland				
			Democrat				
40	CUM	PORTLAND	3135	955	4090		
40		STATE UOCAVA	21	7	28		
			3156	962	4118		
							
			Azzola, James H. 	Jorgensen, Erik Clark 	BLANK	TOTAL VOTES CAST	
			Portland	Portland			
			Republican	Democrat			
41	CUM	PORTLAND	908	4021	290	5219	
41		STATE UOCAVA	1	32	1	34	
			909	4053	291	5253	
							
			Abercrombie, Susan M. 	Collings, Benjamin T. 	BLANK	TOTAL VOTES CAST	
			Portland	Portland			
			Republican	Democrat			
42	CUM	PORTLAND	1309	3405	445	5159	
42		STATE UOCAVA	2	19	2	23	
			1311	3424	447	5182	
							
			Langholtz, Jeffrey W. 	Sanborn, Heather B. 	BLANK	TOTAL VOTES CAST	
			Portland	Portland			
			Republican	Democrat			
43	CUM	FALMOUTH	692	986	101	1779	
43	CUM	PORTLAND	1256	2617	225	4098	
43		STATE UOCAVA	9	29	2	40	
			1957	3632	328	5917	
							
			Diamond, Kimberly A. 	Pierce, Teresa S. 	BLANK	TOTAL VOTES CAST	
			Falmouth	Falmouth			
			Republican	Democrat			
44	CUM	FALMOUTH	2639	3551	210	6400	
44		STATE UOCAVA	8	35	0	43	
			2647	3586	210	6443	
							
			Denno, Dale J. 	Timmons, Michael J. 	BLANK	TOTAL VOTES CAST	
			Cumberland	Cumberland			
			Democrat	Republican			
45	CUM	CUMBERLAND	3043	2293	169	5505	
45	CUM	GRAY	342	345	25	712	
45		STATE UOCAVA	30	6	5	41	
			3415	2644	199	6258	
							
			Chace, Paul B. 	Hall, Sarah K. 	BLANK	TOTAL VOTES CAST	
			Durham	Durham			
			Republican	Democrat			
46	AND	DURHAM	1449	1075	87	2611	
46	CUM	NORTH YARMOUTH	1250	1314	92	2656	
46	CUM	POWNAL	343	351	19	713	
46		STATE UOCAVA	10	31	0	41	
			3052	2771	198	6021	
							
			Cooper, Janice E. 	Snow, Richard Vinton 	BLANK	TOTAL VOTES CAST	
			Yarmouth	Yarmouth			
			Democrat	Republican			
47	CUM	CHEBEAGUE ISLAND	210	107	12	329	
47	CUM	LONG ISLAND	111	56	9	176	
47	CUM	YARMOUTH	3406	2151	168	5725	
47		STATE UOCAVA	61	5	1	67	
			3788	2319	190	6297	
							
			Gideon, Sara 	Schulz, Paul Benjamin 	BLANK	TOTAL VOTES CAST	
			Freeport	Pownal			
			Democrat	Republican			
48	CUM	FREEPORT	3747	1672	196	5615	
48	CUM	POWNAL	199	165	11	375	
48		STATE UOCAVA	48	4	2	54	
			3994	1841	209	6044	
							
			Daughtry, Matthea Elisabeth 	Stevens, Michael R. 	BLANK	TOTAL VOTES CAST	
			Brunswick	Brunswick			
			Democrat	Republican			
49	CUM	BRUNSWICK	3955	2038	291	6284	
49		STATE UOCAVA	26	8	5	39	
			3981	2046	296	6323	
							
			Tucker, Ralph L. 	BLANK	TOTAL VOTES CAST		
			Brunswick				
			Democrat				
50	CUM	BRUNSWICK	4476	1038	5514		
50		STATE UOCAVA	54	19	73		
			4530	1057	5587		
							
			McCreight, Joyce 	BLANK	TOTAL VOTES CAST		
			Harpswell				
			Democrat				
51	CUM	BRUNSWICK	846	248	1094		
51	CUM	HARPSWELL	2755	728	3483		
51	SAG	WEST BATH	1000	257	1257		
51		STATE UOCAVA	35	7	42		
			4636	1240	5876		
							
			DeChant, Jennifer L. 	Weidner, Bil 	BLANK	TOTAL VOTES CAST	
			Bath	Bath			
			Democrat	Republican			
52	SAG	BATH	2983	1659	181	4823	
52		STATE UOCAVA	38	7	3	48	
			3021	1666	184	4871	
							
			Neilson, William L. 	Pierce, Jeffrey K. 	BLANK	TOTAL VOTES CAST	
			Arrowsic	Dresden			
			Democrat	Republican			
53	LIN	DRESDEN	342	713	34	1089	
53	SAG	ARROWSIC	246	96	9	351	
53	SAG	GEORGETOWN	415	334	20	769	
53	SAG	PHIPPSBURG	521	892	27	1440	
53	SAG	RICHMOND	18	59	1	78	
53	SAG	WOOLWICH	761	1211	51	2023	
53		STATE UOCAVA	27	4	2	33	
			2330	3309	144	5783	
							
			Lyons, Ruth A. 	Tepler, Denise A. 	BLANK	TOTAL VOTES CAST	
			Topsham	Topsham			
			Republican	Democrat			
54	SAG	TOPSHAM	2836	3102	167	6105	
54		STATE UOCAVA	13	19	2	34	
			2849	3121	169	6139	
							
			Berry, Seth A. 	Hobart, Brian D. 	BLANK	TOTAL VOTES CAST	
			Bowdoinham	Bowdoinham			
			Democrat	Republican			
55	SAG	BOWDOIN	829	890	45	1764	
55	SAG	BOWDOINHAM	1054	796	35	1885	
55	SAG	RICHMOND	1024	803	34	1861	
55		STATE UOCAVA	19	7	0	26	
			2926	2496	114	5536	
							
			Gaiason, Scott N. 	Mason, Gina M. 	BLANK	TOTAL VOTES CAST	
			Lisbon	Lisbon			
			Democrat	Republican			
56	AND	LISBON	1978	2731	237	4946	
56		STATE UOCAVA	5	9	0	14	
			1983	2740	237	4960	
							
			Gayton, Nicholas John 	Wood, Stephen James 	BLANK	TOTAL VOTES CAST	
			Sabattus	Greene			
			Democrat	Republican			
57	AND	GREENE	574	1934	89	2597	
57	AND	SABATTUS	1147	1583	120	2850	
57		STATE UOCAVA	5	5	0	10	
			1726	3522	209	5457	
							
			Handy, James R. 	Roy, Matthew Paul 	BLANK	TOTAL VOTES CAST	
			Lewiston	Lewiston			
			Democrat	Republican			
58	AND	LEWISTON	2446	2336	259	5041	
58		STATE UOCAVA	8	12	0	20	
			2454	2348	259	5061	
							
			Chicoine, Elliot R. 	Fuller, Roger Jason 	BLANK	TOTAL VOTES CAST	
			Lewiston	Lewiston			
			Republican	Democrat			
59	AND	LEWISTON	2065	2848	297	5210	
59		STATE UOCAVA	7	20	1	28	
			2072	2868	298	5238	
							
			Golden, Jared F. 	Padham, Jeffery M. 	BLANK	TOTAL VOTES CAST	
			Lewiston	Lewiston			
			Democrat	Republican			
60	AND	LEWISTON	2399	960	275	3634	
60		STATE UOCAVA	21	2	0	23	
			2420	962	275	3657	
							
			Brooks, Heidi Eileen 	Miller, Stephen Francis 	BLANK	TOTAL VOTES CAST	
			Lewiston	Lewiston			
			Democrat	Republican			
61	AND	LEWISTON	1967	1200	205	3372	
61		STATE UOCAVA	5	5	1	11	
			1972	1205	206	3383	
							
			Dickey, Brandon Eli 	Melaragno, Gina 	BLANK	TOTAL VOTES CAST	
			Auburn	Auburn			
			Republican	Democrat			
62	AND	AUBURN	1206	1893	188	3287	
62		STATE UOCAVA	2	10	0	12	
			1208	1903	188	3299	
							
			Bickford, Bruce A. 	LeClair, Nathan Paul 	BLANK	TOTAL VOTES CAST	
			Auburn	Auburn			
			Republican	Democrat			
63	AND	AUBURN	3031	1849	201	5081	
63		STATE UOCAVA	7	12	1	20	
			3038	1861	202	5101	
							
			Sheats, Bettyann W. 	Travers, Michael C. 	BLANK	TOTAL VOTES CAST	
			Auburn	Minot			
			Democrat	Republican			
64	AND	AUBURN	2045	1442	131	3618	
64	AND	MINOT	613	1011	59	1683	
64		STATE UOCAVA	15	3	2	20	
			2673	2456	192	5321	
							
			Breton, Elijah Ty 	Espling, Eleanor M. 	BLANK	TOTAL VOTES CAST	
			Poland	New Gloucester			
			Democrat	Republican			
65	AND	POLAND	971	804	68	1843	
65	CUM	NEW GLOUCESTER	1314	1985	65	3364	
65		STATE UOCAVA	10	6	2	18	
			2295	2795	135	5225	
							
			Fay, Jessica L. 	McClellan, Michael Dennis 	BLANK	TOTAL VOTES CAST	
			Raymond	Raymond			
			Democrat	Republican			
66	AND	POLAND	645	734	62	1441	
66	CUM	CASCO	838	801	81	1720	
66	CUM	RAYMOND	1145	995	61	2201	
66		STATE UOCAVA	10	7	1	18	
			2638	2537	205	5380	
							
			Austin, Susan M. 	Rumson, Rachel Lyn 	BLANK	TOTAL VOTES CAST	
			Gray	Gray			
			Republican	Democrat			
67	CUM	CASCO	252	157	26	435	
67	CUM	FRYE ISLAND	50	25	3	78	
67	CUM	GRAY	2655	1421	143	4219	
67	CUM	RAYMOND	404	250	43	697	
67		STATE UOCAVA	8	10	1	19	
			3369	1863	216	5448	
							
			Cebra, Richard M. 	Powers, Christine B. 	BLANK	TOTAL VOTES CAST	
			Naples	Naples			
			Republican	Democrat			
68	CUM	BALDWIN	514	353	69	936	
68	CUM	NAPLES	1106	1139	88	2333	
68	CUM	SEBAGO	547	524	61	1132	
68	YOR	CORNISH	394	385	57	836	
68	YOR	PARSONSFIELD	159	150	24	333	
68		STATE UOCAVA	2	14	0	16	
			2722	2565	299	5586	
							
			Ginzler, Phyllis A. 	Riseman, Walter N. 	Peters, William G.	BLANK	TOTAL VOTES CAST
			Bridgton	Harrison	Bridgton		
			Republican	Independent	Unenrolled		
69	CUM	BRIDGTON	1649	1233	3	142	3027
69	CUM	HARRISON	551	912	0	34	1497
69	OXF	DENMARK	398	306	0	48	752
69		STATE UOCAVA	5	16	0	1	22
			2603	2467	3	225	5298
							
			Rankin, Helen E.E. 	Wadsworth, Nathan John 	BLANK	TOTAL VOTES CAST	
			Hiram	Hiram			
			Democrat	Republican			
70	OXF	BROWNFIELD	347	490	41	878	
70	OXF	FRYEBURG	823	931	79	1833	
70	OXF	HIRAM	342	486	29	857	
70	OXF	LOVELL	298	326	34	658	
70	OXF	PORTER	310	488	24	822	
70		STATE UOCAVA	25	8	3	36	
			2145	2729	210	5084	
							
			Twitchell, Michael W. 	Winsor, Tom J. 	BLANK	TOTAL VOTES CAST	
			Norway	Norway			
			Democrat	Republican			
71	OXF	NORWAY	1125	1455	113	2693	
71	OXF	SWEDEN	122	120	14	256	
71	OXF	WATERFORD	349	555	43	947	
71	OXF	WEST PARIS	385	579	51	1015	
71		STATE UOCAVA	11	5	0	16	
			1992	2714	221	4927	
							
			Bradley, James F. 	Dillingham, Kathleen R.J. 	BLANK	TOTAL VOTES CAST	
			Mechanic Falls	Oxford			
			Democrat	Republican			
72	AND	MECHANIC FALLS	763	741	82	1586	
72	OXF	OTISFIELD	327	702	65	1094	
72	OXF	OXFORD	469	1653	108	2230	
72		STATE UOCAVA	7	3	1	11	
			1566	3099	256	4921	
							
			Coffman, Cheryl S. 	Herrick, Lloyd C. 	BLANK	TOTAL VOTES CAST	
			Buckfield	Paris			
			Democrat	Republican			
73	OXF	BUCKFIELD	518	544	50	1112	
73	OXF	HEBRON	247	457	49	753	
73	OXF	PARIS	712	1936	104	2752	
73		STATE UOCAVA	8	15	0	23	
			1485	2952	203	4640	
							
			Cornelio, Keith R. 	Riley, Christina 	BLANK	TOTAL VOTES CAST	
			Jay	Jay			
			Republican	Democrat			
74	AND	LIVERMORE	349	329	25	703	
74	AND	LIVERMORE FALLS	719	717	50	1486	
74	FRA	JAY	1232	1313	55	2600	
74		STATE UOCAVA	4	2	0	6	
			2304	2361	130	4795	
							
			Buzzell, James A. 	Timberlake, Jeffrey L. 	BLANK	TOTAL VOTES CAST	
			Leeds	Turner			
			Democrat	Republican			
75	AND	LEEDS	582	677	40	1299	
75	AND	LIVERMORE	188	434	14	636	
75	AND	TURNER	895	2427	61	3383	
75		STATE UOCAVA	2	5	1	8	
			1667	3543	116	5326	
							
			Ducharme, Jill E. 	Hilliard, Gary L. 	BLANK	TOTAL VOTES CAST	
			Wayne	Belgrade			
			Democrat	Republican			
76	KEN	BELGRADE	637	1365	47	2049	
76	KEN	FAYETTE	368	388	33	789	
76	KEN	MOUNT VERNON	463	562	39	1064	
76	KEN	ROME	257	345	20	622	
76	KEN	VIENNA	184	186	26	396	
76	KEN	WAYNE	465	332	18	815	
76		STATE UOCAVA	24	17	2	43	
			2398	3195	185	5778	
							
			Perkins, Michael D. 	Tibbetts, Alan B. 	BLANK	TOTAL VOTES CAST	
			Oakland	Sidney			
			Republican	Democrat			
77	KEN	OAKLAND	1629	876	62	2567	
77	KEN	SIDNEY	1500	1101	65	2666	
77		STATE UOCAVA	4	11	2	17	
			3133	1988	129	5250	
							
			Nadeau, Catherine M. 	Twitchell, Benjamin B., III	BLANK	TOTAL VOTES CAST	
			Winslow	Winslow			
			Democrat	Republican			
78	KEN	BENTON	182	158	13	353	
78	KEN	WINSLOW	2206	2088	111	4405	
78		STATE UOCAVA	12	4	1	17	
			2400	2250	125	4775	
							
			Glowa, John M., Sr.	Theriault, Timothy S. 	BLANK	TOTAL VOTES CAST	
			China	China			
			Democrat	Republican			
79	KEN	ALBION	342	780	53	1175	
79	KEN	BENTON	461	688	64	1213	
79	KEN	CHINA	955	1472	89	2516	
79		STATE UOCAVA	8	0	1	9	
			1766	2940	207	4913	
							
			Bradstreet, Richard T. 	Fowle, Lori A. 	BLANK	TOTAL VOTES CAST	
			Vassalboro	Vassalboro			
			Republican	Democrat			
80	KEN	AUGUSTA	397	370	45	812	
80	KEN	VASSALBORO	1212	1207	61	2480	
80	KEN	WINDSOR	758	575	55	1388	
80	LIN	SOMERVILLE	176	144	26	346	
80		STATE UOCAVA	6	12	1	19	
			2549	2308	188	5045	
							
			Hadley, Milton F., III	Hickman, Craig V. 	BLANK	TOTAL VOTES CAST	
			Winthrop	Winthrop			
			Republican	Democrat			
81	KEN	MONMOUTH	60	91	10	161	
81	KEN	READFIELD	576	1048	42	1666	
81	KEN	WINTHROP	1213	2417	78	3708	
81		STATE UOCAVA	4	19	0	23	
			1853	3575	130	5558	
							
			Ackley, Kent 	Greenwood, Randall Adam 	BLANK	TOTAL VOTES CAST	
			Monmouth	Wales			
			Common Sense Independent	Republican			
82	AND	WALES	252	610	29	891	
82	KEN	LITCHFIELD	1075	922	88	2085	
82	KEN	MONMOUTH	1354	844	53	2251	
82		STATE UOCAVA	11	3	1	15	
			2692	2379	171	5242	
							
			Grant, Gay M. 	Williams, Scott Douglas 	BLANK	TOTAL VOTES CAST	
			Gardiner	Gardiner			
			Democrat	Republican			
83	KEN	FARMINGDALE	936	716	71	1723	
83	KEN	GARDINER	1762	1237	121	3120	
83		STATE UOCAVA	17	3	0	20	
			2715	1956	192	4863	
							
			Warren, Charlotte May 	BLANK	TOTAL VOTES CAST		
			Hallowell				
			Democrat				
84	KEN	HALLOWELL	1346	313	1659		
84	KEN	MANCHESTER	1200	479	1679		
84	KEN	WEST GARDINER	1569	640	2209		
84		STATE UOCAVA	22	4	26		
			4137	1436	5573		
							
			Doore, Donna R. 	BLANK	TOTAL VOTES CAST		
			Augusta				
			Democrat				
85	KEN	AUGUSTA	3470	933	4403		
85		STATE UOCAVA	12	3	15		
			3482	936	4418		
							
			Pouliot, Matthew Gary 	BLANK	TOTAL VOTES CAST		
			Augusta				
			Republican				
86	KEN	AUGUSTA	3245	754	3999		
86		STATE UOCAVA	15	8	23		
			3260	762	4022		
							
			Hanley, Jeffery P. 	Ross, Wendy S. 	BLANK	TOTAL VOTES CAST	
			Pittston	Wiscasset			
			Republican	Democrat			
87	KEN	PITTSTON	1198	483	42	1723	
87	KEN	RANDOLPH	602	374	42	1018	
87	LIN	ALNA	191	275	16	482	
87	LIN	WISCASSET	1050	1125	76	2251	
87		STATE UOCAVA	5	18	2	25	
			3046	2275	178	5499	
							
			Sanderson, Deborah J. 	Torbert, James R. 	BLANK	TOTAL VOTES CAST	
			Chelsea	Whitefield			
			Republican	Democrat			
88	KEN	CHELSEA	1007	458	62	1527	
88	LIN	JEFFERSON	934	613	66	1613	
88	LIN	NOBLEBORO	339	238	25	602	
88	LIN	WHITEFIELD	634	743	54	1431	
88		STATE UOCAVA	8	17	0	25	
			2922	2069	207	5198	
							
			Hawke, Stephanie 	Wolf, Wendy J. 	BLANK	TOTAL VOTES CAST	
			Boothbay Harbor	Boothbay Harbor			
			Republican	Independent			
89	LIN	BOOTHBAY	1207	881	25	2113	
89	LIN	BOOTHBAY HARBOR	807	558	28	1393	
89	LIN	EDGECOMB	385	414	24	823	
89	LIN	SOUTH BRISTOL	180	260	34	474	
89	LIN	SOUTHPORT	235	191	5	431	
89	LIN	WESTPORT ISLAND	234	260	22	516	
89		STATE UOCAVA	4	53	5	62	
			3052	2617	143	5812	
							
			Devin, Michael G. 	Mayer, Roberta C. 	BLANK	TOTAL VOTES CAST	
			Newcastle	Damariscotta			
			Democrat	Republican			
90	LIN	BREMEN	287	208	18	513	
90	LIN	BRISTOL	1016	816	62	1894	
90	LIN	DAMARISCOTTA	811	511	50	1372	
90	LIN	MONHEGAN ISLAND PLT	49	9	2	60	
90	LIN	NEWCASTLE	789	441	40	1270	
90	LIN	NOBLEBORO	306	247	21	574	
90	LIN	SOUTH BRISTOL	77	72	7	156	
90		STATE UOCAVA	38	7	2	47	
			3373	2311	202	5886	
							
			Simmons, Abden S. 	Trask-Eaton, Emily 	BLANK	TOTAL VOTES CAST	
			Waldoboro	Waldoboro			
			Republican	Democrat			
91	KNO	FRIENDSHIP	457	281	20	758	
91	KNO	UNION	243	277	15	535	
91	KNO	WASHINGTON	499	421	30	950	
91	LIN	WALDOBORO	1519	1258	57	2834	
91		STATE UOCAVA	3	19	1	23	
			2721	2256	123	5100	
							
			Sleeper, Sonja 	Spear, John Alden 	BLANK	TOTAL VOTES CAST	
			South Thomaston	South Thomaston			
			Republican	Democrat			
92	KNO	CRIEHAVEN TOWNSHIP                                                                                                                                    	0	1	0	1	
92	KNO	CUSHING	394	439	49	882	
92	KNO	MATINICUS ISLE PLT	15	30	8	53	
92	KNO	SAINT GEORGE	606	1012	71	1689	
92	KNO	SOUTH THOMASTON	321	573	32	926	
92	KNO	THOMASTON	551	910	55	1516	
92		STATE UOCAVA	4	38	7	49	
			1891	3003	222	5116	
							
			Beebe-Center, Anne H. 	Robishaw, Donald Paul, Jr.	BLANK	TOTAL VOTES CAST	
			Rockland	Rockland			
			Democrat	Republican			
93	KNO	OWLS HEAD	491	503	44	1038	
93	KNO	ROCKLAND	2021	1481	148	3650	
93		STATE UOCAVA	19	9	4	32	
			2531	1993	196	4720	
							
			Casas, Owen D. 	Meil, Kathleen 	BLANK	TOTAL VOTES CAST	
			Rockport	Rockport			
			Independent	Democrat			
94	KNO	CAMDEN	1576	1796	131	3503	
94	KNO	ROCKPORT	1297	1000	65	2362	
94	WAL	ISLESBORO	192	220	18	430	
94		STATE UOCAVA	14	51	4	69	
			3079	3067	218	6364	
							
			Goldberg, Elinore 	Sutton, Paula G. 	BLANK	TOTAL VOTES CAST	
			Hope	Warren			
			Democrat	Republican			
95	KNO	APPLETON	404	446	24	874	
95	KNO	HOPE	578	432	38	1048	
95	KNO	UNION	348	464	22	834	
95	KNO	WARREN	734	1358	61	2153	
95		STATE UOCAVA	15	7	1	23	
			2079	2707	146	4932	
							
			Harmon, R. Ryan 	Zeigler, Stanley Paige, Jr.	BLANK	TOTAL VOTES CAST	
			Palermo	Montville			
			Republican	Democrat			
96	WAL	BELMONT	278	257	42	577	
96	WAL	LIBERTY	271	268	27	566	
96	WAL	LINCOLNVILLE	517	982	75	1574	
96	WAL	MONTVILLE	248	375	24	647	
96	WAL	MORRILL	277	233	41	551	
96	WAL	PALERMO	544	292	54	890	
96	WAL	SEARSMONT	352	459	42	853	
96		STATE UOCAVA	3	22	1	26	
			2490	2888	306	5684	
							
			Herbig, Erin D. 	Richardson, Blaine 	BLANK	TOTAL VOTES CAST	
			Belfast	Belfast			
			Democrat	Republican			
97	WAL	BELFAST	2896	948	154	3998	
97	WAL	NORTHPORT	666	332	39	1037	
97	WAL	WALDO	318	155	16	489	
97		STATE UOCAVA	32	2	4	38	
			3912	1437	213	5562	
							
			Cuddy, Scott W. 	Gillway, James S. 	BLANK	TOTAL VOTES CAST	
			Winterport	Searsport			
			Democrat	Republican			
98	WAL	FRANKFORT	226	408	37	671	
98	WAL	SEARSPORT	440	1090	40	1570	
98	WAL	SWANVILLE	269	484	46	799	
98	WAL	WINTERPORT	1184	987	59	2230	
98		STATE UOCAVA	17	4	0	21	
			2136	2973	182	5291	
							
			Kinney, MaryAnne 	Turner, April Dawn 	BLANK	TOTAL VOTES CAST	
			Knox	Freedom			
			Republican	Democrat			
99	WAL	BROOKS	344	220	17	581	
99	WAL	BURNHAM	384	267	38	689	
99	WAL	FREEDOM	214	213	13	440	
99	WAL	JACKSON	199	120	15	334	
99	WAL	KNOX	322	128	9	459	
99	WAL	MONROE	278	253	30	561	
99	WAL	THORNDIKE	243	182	17	442	
99	WAL	TROY	300	242	32	574	
99	WAL	UNITY	510	492	68	1070	
99		STATE UOCAVA	5	16	0	21	
			2799	2133	239	5171	
							
			Fredette, Kenneth Wade 	BLANK	TOTAL VOTES CAST		
			Newport				
			Republican				
100	PEN	CORINNA	1009	152	1161		
100	PEN	DIXMONT	599	147	746		
100	PEN	ETNA	389	105	494		
100	PEN	NEWPORT	1436	334	1770		
100	PEN	PLYMOUTH	636	112	748		
100		STATE UOCAVA	17	0	17		
			4086	850	4936		
							
			Davitt, James E. 	Haggan, David G. 	BLANK	TOTAL VOTES CAST	
			Hampden	Hampden			
			Democrat	Republican			
101	PEN	HAMPDEN	1555	2848	129	4532	
101	PEN	NEWBURGH	289	644	33	966	
101		STATE UOCAVA	16	13	2	31	
			1860	3505	164	5529	
							
			Guerin, Stacey K. 	Hammill, Kimberly Claire 	BLANK	TOTAL VOTES CAST	
			Glenburn	Levant			
			Republican	Democrat			
102	PEN	GLENBURN	1884	599	123	2606	
102	PEN	KENDUSKEAG	542	171	29	742	
102	PEN	LEVANT	1030	467	98	1595	
102		STATE UOCAVA	4	5	1	10	
			3460	1242	251	4953	
							
			Reed, Roger E. 	Thomas, Richard A. 	BLANK	TOTAL VOTES CAST	
			Carmel	Hermon			
			Republican	Democrat			
103	PEN	CARMEL	1262	315	55	1632	
103	PEN	ETNA	112	41	10	163	
103	PEN	HERMON	2223	1206	159	3588	
103		STATE UOCAVA	8	2	3	13	
			3605	1564	227	5396	
							
			Pearson, David Brookes 	Wallace, Raymond Allen 	BLANK	TOTAL VOTES CAST	
			Dexter	Dexter			
			Democrat	Republican			
104	PEN	CHARLESTON	167	512	37	716	
104	PEN	DEXTER	751	1016	62	1829	
104	PEN	EXETER	173	351	26	550	
104	PEN	GARLAND	194	355	28	577	
104	PEN	STETSON	248	428	56	732	
104		STATE UOCAVA	4	7	0	11	
			1537	2669	209	4415	
							
			Hartford, Joshua T. 	Stetkis, Joel R. 	BLANK	TOTAL VOTES CAST	
			Canaan	Canaan			
			Democrat	Republican			
105	SOM	CAMBRIDGE	100	163	6	269	
105	SOM	CANAAN	428	693	35	1156	
105	SOM	HARTLAND	288	569	31	888	
105	SOM	PALMYRA	388	646	55	1089	
105	SOM	RIPLEY	102	149	18	269	
105	SOM	SAINT ALBANS	360	766	37	1163	
105		STATE UOCAVA	9	12	0	21	
			1675	2998	182	4855	
							
			Short, Stanley Byron, Jr.	Strom, Scott Walter 	BLANK	TOTAL VOTES CAST	
			Pittsfield	Pittsfield			
			Democrat	Republican			
106	KEN	CLINTON	789	847	71	1707	
106	SOM	DETROIT	204	196	15	415	
106	SOM	PITTSFIELD	930	1012	38	1980	
106		STATE UOCAVA	5	10	0	15	
			1928	2065	124	4117	
							
			Amadon, Anne C. 	Austin, Betty A. 	Pelletier, Michael J. 	BLANK	TOTAL VOTES CAST
			Skowhegan	Skowhegan	Skowhegan		
			Republican	Democrat	Independent		
107	SOM	MADISON	12	18	7	1	38
107	SOM	SKOWHEGAN	1367	1534	1144	110	4155
107		STATE UOCAVA	5	5	3	2	15
			1384	1557	1154	113	4208
							
			Picchiotti, John J. 	Rowden, Aaron Blaschke 	BLANK	TOTAL VOTES CAST	
			Fairfield	Fairfield			
			Republican	Democrat			
108	SOM	FAIRFIELD	2009	1246	127	3382	
108	SOM	MERCER	254	140	30	424	
108	SOM	SMITHFIELD	389	190	45	624	
108		STATE UOCAVA	6	3	0	9	
			2658	1579	202	4439	
							
			Longstaff, Thomas R.W. 	BLANK	TOTAL VOTES CAST		
			Waterville				
			Democrat				
109	KEN	WATERVILLE	3497	769	4266		
109		STATE UOCAVA	20	6	26		
			3517	775	4292		
							
			Andre, Mark R. 	Madigan, Colleen M. 	BLANK	TOTAL VOTES CAST	
			Oakland	Waterville			
			Republican	Democrat			
110	KEN	OAKLAND	640	341	48	1029	
110	KEN	WATERVILLE	1022	1966	179	3167	
110		STATE UOCAVA	7	16	2	25	
			1669	2323	229	4221	
							
			Dorney, Ann E. 	Farrin, Bradlee Thomas 	BLANK	TOTAL VOTES CAST	
			Norridgewock	Norridgewock			
			Democrat	Republican			
111	SOM	MADISON	953	1266	49	2268	
111	SOM	NORRIDGEWOCK	704	1097	39	1840	
111	SOM	SOLON	318	266	23	607	
111		STATE UOCAVA	9	4	0	13	
			1984	2633	111	4728	
							
			Chassie, Barbara R. 	Skolfield, Thomas H. 	BLANK	TOTAL VOTES CAST	
			Phillips	Weld			
			Democrat	Republican			
112	FRA	AVON	82	149	17	248	
112	FRA	CARRABASSETT VALLEY	215	219	40	474	
112	FRA	CARTHAGE	74	196	22	292	
112	FRA	KINGFIELD	269	487	54	810	
112	FRA	PERKINS TOWNSHIP                                                                                                                                      	7	6	0	13	
112	FRA	PHILLIPS	243	376	30	649	
112	FRA	SANDY RIVER PLT	41	48	4	93	
112	FRA	FREEMAN TOWNSHIP	30	73	5	108	
112	FRA	WASHINGTON TWP                                                                                                                                        	6	11	0	17	
112	FRA	WELD	70	213	5	288	
112	SOM	ANSON	345	770	60	1175	
112	SOM	NEW PORTLAND	171	240	31	442	
112	SOM	STARKS	131	205	21	357	
112		STATE UOCAVA	9	8	0	17	
			1693	3001	289	4983	
							
			Harvell, Lance Evans 	Landry, H. Scott, Jr.	BLANK	TOTAL VOTES CAST	
			Farmington	Farmington			
			Republican	Democrat			
113	FRA	FARMINGTON	1877	1972	134	3983	
113	FRA	NEW SHARON	554	366	22	942	
113		STATE UOCAVA	7	11	3	21	
			2438	2349	159	4946	
							
			Black, Russell J. 	Iverson, Guy A. 	BLANK	TOTAL VOTES CAST	
			Wilton	Chesterville			
			Republican	Democrat			
114	FRA	CHESTERVILLE	419	307	21	747	
114	FRA	INDUSTRY	282	176	12	470	
114	FRA	NEW VINEYARD	313	119	18	450	
114	FRA	STRONG	499	158	15	672	
114	FRA	TEMPLE	186	132	10	328	
114	FRA	WILTON	1606	564	58	2228	
114		STATE UOCAVA	7	8	0	15	
			3312	1464	134	4910	
							
			Madigan, John E., Jr.	Martin, Joseph Edward 	BLANK	TOTAL VOTES CAST	
			Rumford	Rumford			
			Democrat	Republican			
115	OXF	MILTON TWP                                                                                                                                            	32	53	3	88	
115	OXF	ROXBURY	129	110	10	249	
115	OXF	RUMFORD	1717	1114	93	2924	
115	OXF	SUMNER	223	301	35	559	
115	OXF	WOODSTOCK	284	452	60	796	
115		STATE UOCAVA	6	3	0	9	
			2391	2033	201	4625	
							
			Briggs, Sheryl J. 	Pickett, Richard A. 	BLANK	TOTAL VOTES CAST	
			Mexico	Dixfield			
			Democrat	Republican			
116	OXF	CANTON	206	314	19	539	
116	OXF	DIXFIELD	439	831	36	1306	
116	OXF	HARTFORD	182	455	18	655	
116	OXF	MEXICO	876	466	20	1362	
116	OXF	PERU	397	554	27	978	
116		STATE UOCAVA	8	6	0	14	
			2108	2626	120	4854	
							
			Head, Frances M. 	Pew, Sidney J. 	BLANK	TOTAL VOTES CAST	
			Bethel	Andover			
			Republican	Democrat			
117	FRA	COPLIN PLT	53	45	5	103	
117	FRA	DALLAS PLT	105	92	10	207	
117	FRA	EUSTIS	215	174	36	425	
117	FRA	RANGELEY	404	297	42	743	
117	FRA	RANGELEY PLT	94	60	8	162	
117	OXF	ALBANY TWP	188	118	9	315	
117	OXF	ANDOVER	309	218	19	546	
117	OXF	BETHEL	948	715	49	1712	
117	OXF	BYRON	42	42	9	93	
117	OXF	GILEAD	76	36	6	118	
117	OXF	GREENWOOD	271	185	18	474	
117	OXF	HANOVER	109	73	7	189	
117	OXF	LINCOLN PLT	21	6	2	29	
117	OXF	LOVELL	32	24	2	58	
117	OXF	MAGALLOWAY PLT	17	1	0	18	
117	OXF	NEWRY	149	117	16	282	
117	OXF	STONEHAM	85	79	12	176	
117	OXF	STOW	104	112	11	227	
117	OXF	UPTON	41	12	7	60	
117		STATE UOCAVA	4	19	1	24	
			3267	2425	269	5961	
							
			Estabrook, Philip Anthony 	Grignon, Chad Wayne 	BLANK	TOTAL VOTES CAST	
			Cornville	Athens			
			Democrat	Republican			
118	FRA	WYMAN TWP                                                                                                                                             	14	16	3	33	
118	PIS	KINGSBURY PLT	3	13	3	19	
118	PIS	WELLINGTON	48	57	15	120	
118	SOM	ATHENS	178	296	27	501	
118	SOM	BINGHAM	195	298	51	544	
118	SOM	BRIGHTON PLT	14	33	2	49	
118	SOM	CARATUNK	24	21	5	50	
118	SOM	CONCORD TOWNSHIP                                                                                                                                      	1	2	0	3	
118	SOM	CORNVILLE	349	338	45	732	
118	SOM	DENNISTOWN PLT	5	17	4	26	
118	SOM	EMBDEN	190	306	39	535	
118	SOM	HARMONY	167	282	44	493	
118	SOM	HIGHLAND PLT	36	73	9	118	
118	SOM	JACKMAN	150	339	55	544	
118	SOM	LEXINGTON TWP/SPRING LAKE TWP                                                                                                                         	5	14	2	21	
118	SOM	MOOSE RIVER	15	93	11	119	
118	SOM	MOSCOW	97	134	32	263	
118	SOM	PLEASANT RIDGE PLT	13	35	3	51	
118	SOM	ROCKWOOD STRIP TWP	61	145	18	224	
118	SOM	THE FORKS PLT	12	26	6	44	
118	SOM	WEST FORKS PLT	16	29	4	49	
118		STATE UOCAVA	4	2	0	6	
			1597	2569	378	4544	
							
			Stearns, Paul A. 	BLANK	TOTAL VOTES CAST		
			Guilford				
			Republican				
119	PIS	ABBOT	341	67	408		
119	PIS	BARNARD TWP/EBEEMEE TWP/T4 R9 NWP/WILLIAMSBURG TWP                                                                                                    	88	16	104		
119	PIS	BEAVER COVE	83	18	101		
119	PIS	BOWERBANK	82	11	93		
119	PIS	ELLIOTTSVILLE TWP                                                                                                                                     	11	5	16		
119	PIS	GREENVILLE	923	205	1128		
119	PIS	GUILFORD	634	68	702		
119	PIS	MILLINOCKET PISCATAQUS TOWNSHIPS                                                                                                                      	59	8	67		
119	PIS	MONSON	376	82	458		
119	PIS	PARKMAN	427	71	498		
119	PIS	SANGERVILLE	658	73	731		
119	PIS	SEBEC	338	57	395		
119	PIS	SHIRLEY	131	19	150		
119	PIS	T10 R15 WELS                                                                                                                                          	1	0	1		
119	PIS	WILLIMANTIC	70	18	88		
119		STATE UOCAVA	16	4	20		
			4238	722	4960		
							
			Evans, Richard A. 	Higgins, Norman E. 	BLANK	TOTAL VOTES CAST	
			Dover-Foxcroft	Dover-Foxcroft			
			Democrat	Republican			
120	PIS	ATKINSON	79	103	6	188	
120	PIS	BROWNVILLE	256	328	27	611	
120	PIS	DOVER-FOXCROFT	1031	1096	49	2176	
120	PIS	LAKE VIEW PLT	35	36	2	73	
120	PIS	MEDFORD	64	81	7	152	
120	PIS	MILO/ORNEVILLE TOWNSHIP	530	656	53	1239	
120		STATE UOCAVA	16	13	2	31	
			2011	2313	146	4470	
							
			Drinkwater, Gary A. 	Duchesne, Robert S. 	BLANK	TOTAL VOTES CAST	
			Milford	Hudson			
			Republican	Democrat			
121	PEN	ALTON	220	243	10	473	
121	PEN	ARGYLE TOWNSHIP                                                                                                                                       	60	89	5	154	
121	PEN	CORINTH	849	618	64	1531	
121	PEN	HUDSON	321	413	24	758	
121	PEN	MILFORD	738	848	59	1645	
121		STATE UOCAVA	5	7	0	12	
			2193	2218	162	4573	
							
			Dunphy, Michelle A. 	Paradis, Edward L. 	BLANK	TOTAL VOTES CAST	
			Old Town	Old Town			
			Democrat	Republican			
122	PEN	OLD TOWN	2233	1501	214	3948	
122	PEN	PENOBSCOT NATION VOTING DISTRICT	198	60	26	284	
122		STATE UOCAVA	24	4	0	28	
			2455	1565	240	4260	
							
			Brann, Ryan S. 	Tipping-Spitz, Ryan D. 	BLANK	TOTAL VOTES CAST	
			Orono	Orono			
			Republican	Democrat			
123	PEN	ORONO	1515	2812	420	4747	
123		STATE UOCAVA	7	34	2	43	
			1522	2846	422	4790	
							
			Frey, Aaron M. 	LaPointe, Daniel 	BLANK	TOTAL VOTES CAST	
			Bangor	Orono			
			Democrat	Republican			
124	PEN	BANGOR	2233	1521	258	4012	
124	PEN	ORONO	458	318	33	809	
124		STATE UOCAVA	21	10	6	37	
			2712	1849	297	4858	
							
			Capehart, Gary E. 	Kornfield, Victoria P. 	Turcotte, Michael P. 	BLANK	TOTAL VOTES CAST
			Bangor	Bangor	Bangor		
			Republican	Democrat	Unenrolled		
125	PEN	BANGOR	1818	2093	232	160	4303
125		STATE UOCAVA	7	20	0	3	30
			1825	2113	232	163	4333
							
			Damon, Douglas K. 	Schneck, John C. 	BLANK	TOTAL VOTES CAST	
			Bangor	Bangor			
			Republican	Democrat			
126	PEN	BANGOR	1458	1796	188	3442	
126		STATE UOCAVA	4	12	1	17	
			1462	1808	189	3459	
							
			Cardone, Barbara A. 	Veilleux, John Glenn 	BLANK	TOTAL VOTES CAST	
			Bangor	Bangor			
			Democrat	Republican			
127	PEN	BANGOR	2208	1719	228	4155	
127		STATE UOCAVA	9	5	2	16	
			2217	1724	230	4171	
							
			Craig, Garrel Robert 	Verow, Arthur C. 	BLANK	TOTAL VOTES CAST	
			Brewer	Brewer			
			Republican	Democrat			
128	PEN	BREWER	2407	2350	195	4952	
128		STATE UOCAVA	7	9	1	17	
			2414	2359	196	4969	
							
			Lyford, Peter A. 	Montague, Teresa 	BLANK	TOTAL VOTES CAST	
			Eddington	Clifton			
			Republican	Democrat			
129	PEN	BREWER	203	126	23	352	
129	PEN	CLIFTON	301	195	22	518	
129	PEN	EDDINGTON	859	455	53	1367	
129	PEN	HOLDEN	1265	694	91	2050	
129	PEN	VEAZIE	602	490	76	1168	
129		STATE UOCAVA	9	8	1	18	
			3239	1968	266	5473	
							
			Campbell, Richard H. 	Wombacher, John Andrew 	BLANK	TOTAL VOTES CAST	
			Orrington	Bucksport			
			Republican	Democrat			
130	HAN	BUCKSPORT	1472	1080	103	2655	
130	PEN	ORRINGTON	1693	641	81	2415	
130		STATE UOCAVA	5	8	3	16	
			3170	1729	187	5086	
							
			Caldwell, Dorothy L. 	Ward, Karleton S. 	BLANK	TOTAL VOTES CAST	
			Penobscot	Dedham			
			Democrat	Republican			
131	HAN	DEDHAM	316	758	26	1100	
131	HAN	ORLAND	389	983	30	1402	
131	HAN	OTIS	91	342	16	449	
131	HAN	PENOBSCOT	370	420	20	810	
131	HAN	VERONA ISLAND	99	208	7	314	
131	WAL	PROSPECT	87	313	18	418	
131	WAL	STOCKTON SPRINGS	333	664	24	1021	
131		STATE UOCAVA	22	7	4	33	
			1707	3695	145	5547	
							
			Edsall, David Walter 	Luchini, Louis Joseph 	BLANK	TOTAL VOTES CAST	
			Ellsworth	Ellsworth			
			Republican	Democrat			
132	HAN	ELLSWORTH	1567	2675	108	4350	
132	HAN	TRENTON	323	525	30	878	
132		STATE UOCAVA	3	28	0	31	
			1893	3228	138	5259	
							
			Chapman, Ralph 	Colwell, Nancy Faye 	BLANK	TOTAL VOTES CAST	
			Brooksville	Surry			
			Democrat	Republican			
133	HAN	BLUE HILL	1093	686	45	1824	
133	HAN	BROOKLIN	350	212	12	574	
133	HAN	BROOKSVILLE	404	238	15	657	
133	HAN	CASTINE	324	241	35	600	
133	HAN	SEDGWICK	410	327	26	763	
133	HAN	SURRY	440	552	24	1016	
133		STATE UOCAVA	53	5	3	61	
			3074	2261	160	5495	
							
			Kumiega, Walter A., III	BLANK	TOTAL VOTES CAST		
			Deer Isle				
			Democrat				
134	HAN	CRANBERRY ISLES	126	27	153		
134	HAN	DEER ISLE	1031	199	1230		
134	HAN	FRENCHBORO	27	6	33		
134	HAN	SOUTHWEST HARBOR	881	254	1135		
134	HAN	STONINGTON	522	89	611		
134	HAN	SWANS ISLAND	193	61	254		
134	HAN	TREMONT	737	206	943		
134	KNO	ISLE AU HAUT	54	12	66		
134	KNO	NORTH HAVEN	251	50	301		
134	KNO	VINALHAVEN	639	148	787		
134		STATE UOCAVA	62	4	66		
			4523	1056	5579		
							
			Hubbell, Brian L. 	Marshall, Maurice Joseph 	BLANK	TOTAL VOTES CAST	
			Bar Harbor	Lamoine			
			Democrat	Republican			
135	HAN	BAR HARBOR	2480	622	115	3217	
135	HAN	LAMOINE	498	579	35	1112	
135	HAN	MOUNT DESERT	988	404	44	1436	
135		STATE UOCAVA	74	7	10	91	
			4040	1612	204	5856	
							
			Fisher, Michael G. 	Malaby, Richard S. 	BLANK	TOTAL VOTES CAST	
			Sullivan	Hancock			
			Democrat	Republican			
136	FRA	FLETCHERS LANDING TOWNSHIP	17	31	3	51	
136	HAN	GOULDSBORO	462	548	24	1034	
136	HAN	HANCOCK	430	853	48	1331	
136	HAN	MARIAVILLE	102	173	17	292	
136	HAN	OSBORN	13	26	2	41	
136	HAN	SORRENTO	92	107	11	210	
136	HAN	SULLIVAN	356	294	27	677	
136	HAN	T10 SD TWP                                                                                                                                            	1	0	0	1	
136	HAN	T7 SD TWP                                                                                                                                             	3	1	1	5	
136	HAN	WALTHAM	41	159	10	210	
136	HAN	WINTER HARBOR	124	165	21	310	
136	WAS	STEUBEN	286	305	49	640	
136		STATE UOCAVA	32	10	1	43	
			1959	2672	214	4845	
							
			Fogelman, Laurie W. 	Lockman, Lawrence Earl 	BLANK	TOTAL VOTES CAST	
			Franklin	Amherst			
			Democrat	Republican			
137	HAN	AMHERST	53	115	6	174	
137	HAN	AURORA	23	52	1	76	
137	HAN	EASTBROOK	81	152	11	244	
137	HAN	FRANKLIN	392	386	33	811	
137	HAN	GREAT POND	15	26	0	41	
137	HAN	T10 SD TWP                                                                                                                                            	3	9	1	13	
137	HAN	T22 MD TWP                                                                                                                                            	0	5	0	5	
137	HAN	T3 ND TWP                                                                                                                                             	3	3	0	6	
137	HAN	T9 SD/T10 SD TWP                                                                                                                                      	1	6	0	7	
137	PEN	BRADFORD	228	422	29	679	
137	PEN	BRADLEY	337	445	52	834	
137	PEN	EDINBURG	33	42	0	75	
137	PEN	GRAND FALLS TOWNSHIP                                                                                                                                  	5	1	1	7	
137	PEN	GREENBUSH	221	454	34	709	
137	PEN	LAGRANGE	124	221	25	370	
137	PEN	GREENFIELD TOWNSHIP	41	90	7	138	
137	PEN	PASSADUMKEAG	57	156	11	224	
137	WAS	BEDDINGTON	12	24	1	37	
137	WAS	DEBLOIS	10	28	1	39	
137	WAS	NORTHFIELD	36	65	7	108	
137	WAS	WESLEY	28	51	4	83	
137		STATE UOCAVA	13	8	0	21	
			1716	2761	224	4701	
							
			Alley, Robert W., Sr.	Doak, Peter 	BLANK	TOTAL VOTES CAST	
			Beals	Columbia Falls			
			Democrat	Republican			
138	WAS	ADDISON	347	318	15	680	
138	WAS	BEALS	167	111	10	288	
138	WAS	CENTERVILLE TWP                                                                                                                                       	4	14	0	18	
138	WAS	CHERRYFIELD	296	330	25	651	
138	WAS	COLUMBIA	87	131	2	220	
138	WAS	COLUMBIA FALLS	119	178	5	302	
138	WAS	HARRINGTON	223	266	12	501	
138	WAS	JONESBORO	214	124	3	341	
138	WAS	JONESPORT	434	237	17	688	
138	WAS	MARSHFIELD	148	162	7	317	
138	WAS	MILBRIDGE	343	315	37	695	
138	WAS	WHITNEYVILLE	60	53	2	115	
138		STATE UOCAVA	9	1	1	11	
			2451	2240	136	4827	
							
			Morton, Colleen S. 	Tuell, William R. 	BLANK	TOTAL VOTES CAST	
			Eastport	East Machias			
			Democrat	Republican			
139	WAS	CUTLER	28	263	6	297	
139	WAS	EAST MACHIAS	150	569	8	727	
139	WAS	EASTPORT	413	368	34	815	
139	WAS	LUBEC	206	591	26	823	
139	WAS	MACHIAS	244	728	27	999	
139	WAS	MACHIASPORT	110	382	14	506	
139	WAS	ROQUE BLUFFS	57	115	1	173	
139	WAS	WHITING	100	231	4	335	
139		STATE UOCAVA	23	4	1	28	
			1331	3251	121	4703	
							
			Moore, Marianne 	Perry, Anne C. 	BLANK	TOTAL VOTES CAST	
			Calais	Calais			
			Republican	Democrat			
140	WAS	BAILEYVILLE	334	353	20	707	
140	WAS	BARING PLT	62	57	8	127	
140	WAS	CALAIS	748	699	58	1505	
140	WAS	CHARLOTTE	103	80	2	185	
140	WAS	INDIAN TOWNSHIP	64	197	20	281	
140	WAS	PEMBROKE	248	234	18	500	
140	WAS	PERRY	225	229	17	471	
140	WAS	PLEASANT POINT VOTING DISTRICT	68	166	21	255	
140	WAS	ROBBINSTON	169	150	11	330	
140		STATE UOCAVA	12	20	3	35	
			2033	2185	178	4396	
							
			Griffin, Robert Francis 	Turner, Beth Peloquin 	BLANK	TOTAL VOTES CAST	
			Chester	Burlington			
			Democrat	Republican			
141	PEN	BURLINGTON	24	159	11	194	
141	PEN	CARROLL PLT	15	75	5	95	
141	PEN	CHESTER	100	216	16	332	
141	PEN	DREW PLT	1	22	1	24	
141	PEN	KINGMAN TWP	11	57	3	71	
141	PEN	LAKEVILLE	15	44	0	59	
141	PEN	LEE	113	397	24	534	
141	PEN	LOWELL	49	171	12	232	
141	PEN	MATTAWAMKEAG	117	212	33	362	
141	PEN	PRENTISS TWP	22	68	8	98	
141	PEN	SPRINGFIELD	24	143	11	178	
141	PEN	WEBSTER PLT	15	16	1	32	
141	PEN	WINN	44	150	7	201	
141	WAS	ALEXANDER	74	221	18	313	
141	WAS	BERRY TWP/CATHANCE TWP/MARION TWP                                                                                                                     	10	21	2	33	
141	WAS	CATHANCE TWP                                                                                                                                          	2	6	3	11	
141	WAS	COOPER	22	68	5	95	
141	WAS	CRAWFORD	12	54	7	73	
141	WAS	DANFORTH	93	253	27	373	
141	WAS	DENNYSVILLE	99	198	41	338	
141	WAS	GRAND LAKE STREAM PLT	18	80	4	102	
141	WAS	MEDDYBEMPS	33	70	2	105	
141	WAS	PRINCETON	105	371	34	510	
141	WAS	T26 ED BPP TOWNSHIP                                                                                                                                   	0	3	0	3	
141	WAS	TALMADGE	9	30	1	40	
141	WAS	TOPSFIELD	22	94	5	121	
141	WAS	VANCEBORO	31	61	3	95	
141	WAS	WAITE	8	41	2	51	
141		STATE UOCAVA	10	3	0	13	
			1098	3304	286	4688	
							
			Betz, Lee Ann 	Hanington, Sheldon Mark 	BLANK	TOTAL VOTES CAST	
			Lincoln	Lincoln			
			Democrat	Republican			
142	PEN	ENFIELD	273	544	36	853	
142	PEN	HOWLAND	238	415	45	698	
142	PEN	LINCOLN	615	1812	106	2533	
142	PEN	MATTAMISCONTIS TOWNSHIP                                                                                                                               	2	39	1	42	
142	PEN	MAXFIELD	22	34	2	58	
142	PEN	SEBOEIS PLT	11	24	0	35	
142	PEN	WOODVILLE	27	99	5	131	
142		STATE UOCAVA	1	7	1	9	
			1189	2974	196	4359	
							
			Perkins, Debbi J. 	Stanley, Stephen S. 	BLANK	TOTAL VOTES CAST	
			Millinocket	Medway			
			Republican	Democrat			
143	PEN	EAST MILLINOCKET	284	642	24	950	
143	PEN	GRINDSTONE/HERSEYTOWN/SOLDIERTOWN TWP                                                                                                                 	12	13	0	25	
143	PEN	HERSEYTOWN TWP                                                                                                                                        	11	3	1	15	
143	PEN	MEDWAY	251	482	18	751	
143	PEN	MILLINOCKET	981	1249	55	2285	
143	PEN	MILLINOCKET PENOBSCOT TOWNSHIPS                                                                                                                       	53	78	5	136	
143	PEN	PATTEN	233	223	55	511	
143	PEN	T5 R7 TWP/T5 R8 TWP/T6 R8 TWPS                                                                                                                        	7	4	1	12	
143		STATE UOCAVA	4	8	1	13	
			1836	2702	160	4698	
							
			Sherman, Roger Leigh 	BLANK	TOTAL VOTES CAST		
			Hodgdon				
			Republican				
144	ARO	AMITY	111	13	124		
144	ARO	CARY PLT	80	38	118		
144	ARO	GLENWOOD PLT	2	0	2		
144	ARO	HAYNESVILLE	45	5	50		
144	ARO	HODGDON	620	70	690		
144	ARO	HOULTON	2369	403	2772		
144	ARO	MACWAHOC PLT	37	7	44		
144	ARO	MOLUNKUS TWP                                                                                                                                          	40	8	48		
144	ARO	ORIENT	73	16	89		
144	ARO	REED PLT	62	17	79		
144	ARO	BENEDICTA TWP	138	35	173		
144	ARO	T4 R3 TWP                                                                                                                                             	0	1	1		
144	ARO	WESTON	158	27	185		
144		STATE UOCAVA	14	4	18		
			3749	644	4393		
							
			Hines, Glenn M. 	Johansen, Chris A. 	Rockwell, Randy S. 	BLANK	TOTAL VOTES CAST
			Hammond	Monticello	Merrill		
			Democrat	Republican	Non-Party		
145	ARO	BRIDGEWATER	65	207	21	20	313
145	ARO	CRYSTAL	21	96	24	8	149
145	ARO	DYER BROOK	18	81	42	9	150
145	ARO	E TWP                                                                                                                                                 	2	25	5	3	35
145	ARO	HAMMOND	13	32	4	1	50
145	ARO	HERSEY	4	19	8	3	34
145	ARO	ISLAND FALLS	69	204	135	11	419
145	ARO	LINNEUS	81	280	83	38	482
145	ARO	LITTLETON	91	317	77	24	509
145	ARO	LUDLOW	76	103	41	14	234
145	ARO	MERRILL	17	44	69	7	137
145	ARO	MONTICELLO	76	278	55	16	425
145	ARO	MORO PLT	2	21	2	2	27
145	ARO	NEW LIMERICK	87	198	56	6	347
145	ARO	OAKFIELD	63	170	133	26	392
145	ARO	SHERMAN	65	307	84	18	474
145	ARO	SMYRNA	29	65	49	10	153
145	ARO	T11 R4 WELS TWP                                                                                                                                       	7	15	1	1	24
145	ARO	TD R2 WELS                                                                                                                                            	4	0	0	0	4
145	PEN	MOUNT CHASE	26	57	21	3	107
145	PEN	STACYVILLE	22	130	24	23	199
145		STATE UOCAVA	4	4	2	3	13
			842	2653	936	246	4677
							
			Monahan, Rosemary 	White, Dustin Michael 	BLANK	TOTAL VOTES CAST	
			Woodland	Washburn			
			Democrat	Republican			
146	ARO	BLAINE	101	274	24	399	
146	ARO	CASTLE HILL	94	129	11	234	
146	ARO	CHAPMAN	115	149	15	279	
146	ARO	MAPLETON	401	718	36	1155	
146	ARO	MARS HILL	242	491	49	782	
146	ARO	PERHAM	91	105	11	207	
146	ARO	WADE	56	86	4	146	
146	ARO	WASHBURN	296	529	39	864	
146	ARO	WESTFIELD	107	140	11	258	
146	ARO	WOODLAND	427	234	25	686	
146		STATE UOCAVA	2	4	1	7	
			1932	2859	226	5017	
							
			Saucier, Robert J. 	Stewart, Harold L., III	BLANK	TOTAL VOTES CAST	
			Presque Isle	Presque Isle			
			Democrat	Republican			
147	ARO	PRESQUE ISLE	1782	2193	94	4069	
147		STATE UOCAVA	13	3	2	18	
			1795	2196	96	4087	
							
			Edgecomb, Anthony J. 	McCrea, David Harold 	BLANK	TOTAL VOTES CAST	
			Fort Fairfield	Fort Fairfield			
			Republican	Democrat			
148	ARO	CONNOR TWP	101	89	12	202	
148	ARO	CASWELL	59	86	4	149	
148	ARO	CYR PLT	26	24	3	53	
148	ARO	EASTON	381	289	19	689	
148	ARO	FORT FAIRFIELD	557	1117	30	1704	
148	ARO	HAMLIN	48	47	9	104	
148	ARO	LIMESTONE	442	350	20	812	
148	ARO	PRESQUE ISLE	201	146	9	356	
148	ARO	STOCKHOLM	90	62	5	157	
148		STATE UOCAVA	12	8	2	22	
			1917	2218	113	4248	
							
			McElwee, Carol A. 	Rivard, Ginette M. 	BLANK	TOTAL VOTES CAST	
			Caribou	Caribou			
			Republican	Democrat			
149	ARO	CARIBOU	2396	1370	121	3887	
149	ARO	NEW SWEDEN	230	128	19	377	
149	ARO	WESTMANLAND	25	22	2	49	
149		STATE UOCAVA	8	11	0	19	
			2659	1531	142	4332	
							
			Martin, Roland Daniel 	BLANK	TOTAL VOTES CAST		
			Sinclair Township				
			Democrat				
150	ARO	CROSS LAKE TWP (T17 R5)	98	23	121		
150	ARO	FRENCHVILLE	551	75	626		
150	ARO	GRAND ISLE	205	28	233		
150	ARO	MADAWASKA	1994	252	2246		
150	ARO	MADAWASKA LAKE TWP (T16 R4)	89	19	108		
150	ARO	SAINT AGATHA	534	52	586		
150	ARO	T15 R6 TWP                                                                                                                                            	8	1	9		
150	ARO	T17 R3 VAN BUREN COVE TWP                                                                                                                             	23	1	24		
150	ARO	VAN BUREN	770	194	964		
150		STATE UOCAVA	16	10	26		
			4288	655	4943		
							
			Martin, John L. 	BLANK	TOTAL VOTES CAST		
			Eagle Lake				
			Democrat				
151	ARO	ALLAGASH	132	37	169		
151	ARO	ASHLAND	525	103	628		
151	ARO	BIG TWENTY TWP/T15 R15 WELS                                                                                                                           	1	1	2		
151	ARO	EAGLE LAKE	368	115	483		
151	ARO	FORT KENT	1774	413	2187		
151	ARO	GARFIELD PLT	42	11	53		
151	ARO	MASARDIS	110	20	130		
151	ARO	NASHVILLE PLT	17	3	20		
151	ARO	NEW CANADA	138	26	164		
151	ARO	OXBOW PLT	27	11	38		
151	ARO	PORTAGE LAKE	204	56	260		
151	ARO	SAINT FRANCIS	209	37	246		
151	ARO	SAINT JOHN PLT	142	25	167		
151	ARO	T12/R13 WELS/T9 R8 WELS                                                                                                                               	2	1	3		
151	ARO	WALLAGRASS	259	42	301		
151	ARO	WINTERVILLE PLT	100	38	138		
151		STATE UOCAVA	6	1	7		
			4056	940	4996		
