			Guerrette, Timothy C. 	Jackson, Troy Dale 	BLANK	TOTAL VOTES CAST	
			Caribou	Allagash			
			Republican	Democrat			
1	ARO	ALLAGASH	50	114	5	169	
1	ARO	ASHLAND	278	335	15	628	
1	ARO	BIG TWENTY TWP/T15 R15 WELS                                                                                                                           	1	1	0	2	
1	ARO	CARIBOU	2569	1473	47	4089	
1	ARO	CASTLE HILL	121	106	7	234	
1	ARO	CASWELL	80	61	8	149	
1	ARO	CROSS LAKE TWP (T17 R5)	48	71	2	121	
1	ARO	CYR PLT	29	23	1	53	
1	ARO	EAGLE LAKE	159	310	14	483	
1	ARO	FORT KENT	732	1418	37	2187	
1	ARO	FRENCHVILLE	253	360	13	626	
1	ARO	GARFIELD PLT	22	30	1	53	
1	ARO	GRAND ISLE	67	156	10	233	
1	ARO	HAMLIN	61	38	5	104	
1	ARO	LIMESTONE	450	353	9	812	
1	ARO	MADAWASKA	635	1526	85	2246	
1	ARO	MADAWASKA LAKE TWP (T16 R4)	64	44	0	108	
1	ARO	MAPLETON	668	455	32	1155	
1	ARO	MASARDIS	59	63	8	130	
1	ARO	NASHVILLE PLT	13	7	0	20	
1	ARO	NEW CANADA	59	105	0	164	
1	ARO	NEW SWEDEN	223	146	8	377	
1	ARO	OXBOW PLT	26	12	0	38	
1	ARO	PERHAM	137	62	8	207	
1	ARO	PORTAGE LAKE	117	135	8	260	
1	ARO	SAINT AGATHA	210	360	16	586	
1	ARO	SAINT FRANCIS	54	188	4	246	
1	ARO	SAINT JOHN PLT	57	109	1	167	
1	ARO	STOCKHOLM	94	61	2	157	
1	ARO	T12/R13 WELS/T9 R8 WELS                                                                                                                               	1	2	0	3	
1	ARO	T15 R6 TWP                                                                                                                                            	4	5	0	9	
1	ARO	T17 R3 VAN BUREN COVE TWP                                                                                                                             	15	9	0	24	
1	ARO	VAN BUREN	421	510	33	964	
1	ARO	WADE	96	49	1	146	
1	ARO	WALLAGRASS	78	215	8	301	
1	ARO	WASHBURN	495	336	33	864	
1	ARO	WESTMANLAND	32	16	1	49	
1	ARO	WINTERVILLE PLT	49	85	4	138	
1	ARO	WOODLAND	473	203	10	686	
1		STATE UOCAVA	18	37	7	62	
			9018	9589	443	19050	
							
			Carpenter, Michael E. 	Long, Ricky D. 	BLANK	TOTAL VOTES CAST	
			Houlton	Sherman			
			Democrat	Republican			
2	ARO	AMITY	56	65	3	124	
2	ARO	BLAINE	180	200	19	399	
2	ARO	BRIDGEWATER	169	140	4	313	
2	ARO	CARY PLT	51	64	3	118	
2	ARO	CHAPMAN	153	113	13	279	
2	ARO	CRYSTAL	42	101	6	149	
2	ARO	DYER BROOK	64	82	4	150	
2	ARO	E TWP                                                                                                                                                 	17	17	1	35	
2	ARO	EASTON	359	315	15	689	
2	ARO	FORT FAIRFIELD	995	636	73	1704	
2	ARO	GLENWOOD PLT	2	0	0	2	
2	ARO	HAMMOND	30	19	1	50	
2	ARO	HAYNESVILLE	23	26	1	50	
2	ARO	HERSEY	11	22	1	34	
2	ARO	HODGDON	331	341	18	690	
2	ARO	HOULTON	1726	984	62	2772	
2	ARO	ISLAND FALLS	150	265	4	419	
2	ARO	LINNEUS	221	243	18	482	
2	ARO	LITTLETON	263	237	9	509	
2	ARO	LUDLOW	128	104	2	234	
2	ARO	MACWAHOC PLT	16	26	2	44	
2	ARO	MARS HILL	356	391	35	782	
2	ARO	MERRILL	69	66	2	137	
2	ARO	MOLUNKUS TWP                                                                                                                                          	26	21	1	48	
2	ARO	MONTICELLO	257	164	4	425	
2	ARO	MORO PLT	3	20	4	27	
2	ARO	NEW LIMERICK	181	162	4	347	
2	ARO	OAKFIELD	193	182	17	392	
2	ARO	ORIENT	35	49	5	89	
2	ARO	PRESQUE ISLE	2576	1712	137	4425	
2	ARO	REED PLT	32	44	3	79	
2	ARO	SHERMAN	181	455	11	647	
2	ARO	SMYRNA	68	79	6	153	
2	ARO	T11 R4 WELS TWP                                                                                                                                       	13	11	0	24	
2	ARO	T4 R3 TWP                                                                                                                                             	1	0	0	1	
2	ARO	TD R2 WELS                                                                                                                                            	4	0	0	4	
2	ARO	WESTFIELD	138	114	6	258	
2	ARO	WESTON	74	106	5	185	
2	PEN	CARROLL PLT	30	61	4	95	
2	PEN	DREW PLT	5	17	2	24	
2	PEN	GRINDSTONE/HERSEYTOWN/SOLDIERTOWN TWP                                                                                                                 	8	17	0	25	
2	PEN	HERSEYTOWN TWP                                                                                                                                        	1	14	0	15	
2	PEN	KINGMAN TWP	19	48	4	71	
2	PEN	LAKEVILLE	21	38	0	59	
2	PEN	LEE	162	345	27	534	
2	PEN	MILLINOCKET PENOBSCOT TOWNSHIPS                                                                                                                       	2	4	1	7	
2	PEN	MOUNT CHASE	39	65	3	107	
2	PEN	PATTEN	168	331	12	511	
2	PEN	PRENTISS TWP T7 R3 NBPP	33	58	7	98	
2	PEN	SPRINGFIELD	50	112	16	178	
2	PEN	STACYVILLE	42	156	1	199	
2	PEN	T5 R7 TWP/T5 R8 TWP/T6 R8 TWPS                                                                                                                        	4	8	0	12	
2	PEN	WEBSTER PLT	16	15	1	32	
2	PEN	WINN	71	121	9	201	
2		STATE UOCAVA	34	27	6	67	
			9899	9013	592	19504	
							
			McCabe, Jeffrey M. 	Whittemore, Rodney L. 	BLANK	TOTAL VOTES CAST	
			Skowhegan	Skowhegan			
			Democrat	Republican			
3	KEN	ROME	341	257	24	622	
3	SOM	ANSON	440	696	39	1175	
3	SOM	BINGHAM	234	289	21	544	
3	SOM	CANAAN	537	585	34	1156	
3	SOM	CARATUNK	28	21	1	50	
3	SOM	CONCORD TOWNSHIP                                                                                                                                      	0	3	0	3	
3	SOM	CORNVILLE	319	396	17	732	
3	SOM	DENNISTOWN PLT	6	20	0	26	
3	SOM	EMBDEN	190	326	19	535	
3	SOM	HIGHLAND PLT	37	79	2	118	
3	SOM	JACKMAN	132	392	20	544	
3	SOM	LEXINGTON TWP/SPRING LAKE TWP                                                                                                                         	5	15	1	21	
3	SOM	MADISON	1024	1229	53	2306	
3	SOM	MERCER	189	228	7	424	
3	SOM	MOOSE RIVER	18	99	2	119	
3	SOM	MOSCOW	114	136	13	263	
3	SOM	NEW PORTLAND	182	236	24	442	
3	SOM	NORRIDGEWOCK	812	984	44	1840	
3	SOM	PITTSFIELD	859	1058	63	1980	
3	SOM	PLEASANT RIDGE PLT	8	42	1	51	
3	SOM	ROCKWOOD STRIP TWP	62	148	14	224	
3	SOM	SKOWHEGAN	2184	1887	84	4155	
3	SOM	SMITHFIELD	302	298	24	624	
3	SOM	SOLON	277	308	22	607	
3	SOM	STARKS	179	170	8	357	
3	SOM	THE FORKS PLT	16	27	1	44	
3	SOM	WEST FORKS PLT	28	20	1	49	
3		STATE UOCAVA	34	32	1	67	
			8557	9981	540	19078	
							
			Boothroyd, Carole J. 	Davis, Paul T., Sr.	BLANK	TOTAL VOTES CAST	
			Dover-Foxcroft	Sangerville			
			Democrat	Republican			
4	PEN	ALTON	145	299	29	473	
4	PEN	BRADFORD	184	470	25	679	
4	PEN	CHARLESTON	131	562	23	716	
4	PEN	DEXTER	417	1354	58	1829	
4	PEN	GARLAND	158	400	19	577	
4	PEN	LAGRANGE	113	236	21	370	
4	PIS	ABBOT	80	310	18	408	
4	PIS	ATKINSON	50	137	1	188	
4	PIS	BARNARD TWP/EBEEMEE TWP/T4 R9 NWP/WILLIAMSBURG TWP                                                                                                    	30	74	0	104	
4	PIS	BEAVER COVE	33	65	3	101	
4	PIS	BOWERBANK	19	74	0	93	
4	PIS	BROWNVILLE	175	415	21	611	
4	PIS	DOVER-FOXCROFT	734	1390	52	2176	
4	PIS	ELLIOTTSVILLE TWP                                                                                                                                     	10	6	0	16	
4	PIS	GREENVILLE	304	781	43	1128	
4	PIS	GUILFORD	138	545	19	702	
4	PIS	KINGSBURY PLT	3	15	1	19	
4	PIS	LAKE VIEW PLT	23	49	1	73	
4	PIS	MEDFORD	42	102	8	152	
4	PIS	MILLINOCKET PISCATAQUS TOWNSHIPS                                                                                                                      	16	45	6	67	
4	PIS	MILO	343	846	50	1239	
4	PIS	MONSON	115	331	12	458	
4	PIS	PARKMAN	113	367	18	498	
4	PIS	SANGERVILLE	152	563	16	731	
4	PIS	SEBEC	95	292	8	395	
4	PIS	SHIRLEY	25	119	6	150	
4	PIS	T10 R15 WELS                                                                                                                                          	0	1	0	1	
4	PIS	WELLINGTON	44	71	5	120	
4	PIS	WILLIMANTIC	20	66	2	88	
4	SOM	ATHENS	182	279	40	501	
4	SOM	BRIGHTON PLT	13	32	4	49	
4	SOM	CAMBRIDGE	40	224	5	269	
4	SOM	DETROIT	138	257	20	415	
4	SOM	HARMONY	162	305	26	493	
4	SOM	HARTLAND	209	640	39	888	
4	SOM	PALMYRA	279	747	63	1089	
4	SOM	RIPLEY	71	191	7	269	
4	SOM	SAINT ALBANS	290	827	46	1163	
4		STATE UOCAVA	41	38	0	79	
			5137	13525	715	19377	
							
			Baber, Brett D. 	Dill, James F. 	BLANK	TOTAL VOTES CAST	
			Veazie	Old Town			
			Republican	Democrat			
5	PEN	ARGYLE TOWNSHIP                                                                                                                                       	41	41	4	86	
5	PEN	CHESTER	179	131	22	332	
5	PEN	EAST MILLINOCKET	407	506	37	950	
5	PEN	EDINBURG	29	42	4	75	
5	PEN	ENFIELD	359	456	38	853	
5	PEN	GREENBUSH	316	353	40	709	
5	PEN	HOWLAND	262	386	50	698	
5	PEN	MATTAMISCONTIS TOWNSHIP                                                                                                                               	27	14	1	42	
5	PEN	MATTAWAMKEAG	151	186	25	362	
5	PEN	MAXFIELD	30	27	1	58	
5	PEN	MEDWAY	366	352	33	751	
5	PEN	MILFORD	491	1062	89	1642	
5	PEN	MILLINOCKET	856	1324	105	2285	
5	PEN	MILLINOCKET PENOBSCOT TOWNSHIPS                                                                                                                       	45	78	6	129	
5	PEN	OLD TOWN	1151	2699	165	4015	
5	PEN	ORONO	1642	3493	421	5556	
5	PEN	PASSADUMKEAG	112	100	12	224	
5	PEN	PENOBSCOT NATION VOTING DISTRICT	32	231	21	284	
5	PEN	SEBOEIS PLT	10	25	0	35	
5	PEN	VEAZIE	641	475	52	1168	
5	PEN	WOODVILLE	68	58	5	131	
5		STATE UOCAVA	26	78	5	109	
			7241	12117	1136	20494	
							
			Alley, Rock A. 	Maker, Joyce A. 	BLANK	TOTAL VOTES CAST	
			Jonesport	Calais			
			Democrat	Republican			
6	HAN	GOULDSBORO	505	483	46	1034	
6	HAN	SULLIVAN	315	317	45	677	
6	HAN	T7 SD TWP                                                                                                                                             	1	4	0	5	
6	HAN	WINTER HARBOR	134	151	25	310	
6	WAS	ADDISON	382	282	16	680	
6	WAS	ALEXANDER	59	244	10	313	
6	WAS	BAILEYVILLE	162	528	17	707	
6	WAS	BARING PLT	31	90	6	127	
6	WAS	BEALS	186	98	4	288	
6	WAS	BEDDINGTON	13	23	1	37	
6	WAS	BERRY TWP/CATHANCE TWP/MARION TWP                                                                                                                     	10	23	0	33	
6	WAS	CALAIS	399	1062	44	1505	
6	WAS	CATHANCE TWP                                                                                                                                          	3	7	1	11	
6	WAS	CENTERVILLE TWP                                                                                                                                       	6	11	1	18	
6	WAS	CHARLOTTE	51	131	3	185	
6	WAS	CHERRYFIELD	338	279	34	651	
6	WAS	COLUMBIA	103	110	7	220	
6	WAS	COLUMBIA FALLS	162	128	12	302	
6	WAS	COOPER	29	64	2	95	
6	WAS	CRAWFORD	12	54	7	73	
6	WAS	CUTLER	106	185	6	297	
6	WAS	DANFORTH	87	263	23	373	
6	WAS	DEBLOIS	15	21	3	39	
6	WAS	DENNYSVILLE	108	215	15	338	
6	WAS	EAST MACHIAS	292	412	23	727	
6	WAS	EASTPORT	365	414	36	815	
6	WAS	GRAND LAKE STREAM PLT	16	84	2	102	
6	WAS	HARRINGTON	273	212	16	501	
6	WAS	INDIAN TOWNSHIP	98	159	24	281	
6	WAS	JONESBORO	194	141	6	341	
6	WAS	JONESPORT	455	215	18	688	
6	WAS	LUBEC	387	398	38	823	
6	WAS	MACHIAS	479	478	42	999	
6	WAS	MACHIASPORT	235	247	24	506	
6	WAS	MARSHFIELD	126	185	6	317	
6	WAS	MEDDYBEMPS	21	83	1	105	
6	WAS	MILBRIDGE	418	253	24	695	
6	WAS	NORTHFIELD	47	58	3	108	
6	WAS	PEMBROKE	188	303	9	500	
6	WAS	PERRY	157	303	11	471	
6	WAS	PLEASANT POINT VOTING DISTRICT	112	124	19	255	
6	WAS	PRINCETON	86	408	16	510	
6	WAS	ROBBINSTON	97	223	10	330	
6	WAS	ROQUE BLUFFS	106	65	2	173	
6	WAS	STEUBEN	308	288	44	640	
6	WAS	T26 ED BPP TOWNSHIP                                                                                                                                   	0	3	0	3	
6	WAS	TALMADGE	7	33	0	40	
6	WAS	TOPSFIELD	26	90	5	121	
6	WAS	VANCEBORO	19	68	8	95	
6	WAS	WAITE	16	33	2	51	
6	WAS	WESLEY	30	49	4	83	
6	WAS	WHITING	155	170	10	335	
6	WAS	WHITNEYVILLE	64	48	3	115	
6		STATE UOCAVA	63	29	4	96	
			8057	10349	738	19144	
							
			Langley, Brian D. 	O'Neill, Moira K. 	BLANK	TOTAL VOTES CAST	
			Ellsworth	Surry			
			Republican	Democrat			
7	HAN	AMHERST	120	46	8	174	
7	HAN	AURORA	53	20	3	76	
7	HAN	BAR HARBOR	1229	1893	95	3217	
7	HAN	BLUE HILL	810	971	43	1824	
7	HAN	BROOKLIN	249	314	11	574	
7	HAN	BROOKSVILLE	283	352	22	657	
7	HAN	CRANBERRY ISLES	78	71	4	153	
7	HAN	DEER ISLE	601	588	41	1230	
7	HAN	EASTBROOK	193	47	4	244	
7	HAN	ELLSWORTH	2870	1439	92	4401	
7	HAN	FRANKLIN	556	234	21	811	
7	HAN	FRENCHBORO	21	10	2	33	
7	HAN	HANCOCK	916	376	39	1331	
7	HAN	LAMOINE	698	397	17	1112	
7	HAN	MARIAVILLE	199	84	9	292	
7	HAN	MOUNT DESERT	650	745	41	1436	
7	HAN	OSBORN	30	9	2	41	
7	HAN	OTIS	343	93	13	449	
7	HAN	SEDGWICK	374	360	29	763	
7	HAN	SORRENTO	109	94	7	210	
7	HAN	SOUTHWEST HARBOR	550	542	43	1135	
7	HAN	STONINGTON	295	292	24	611	
7	HAN	SURRY	507	491	18	1016	
7	HAN	SWANS ISLAND	168	76	10	254	
7	HAN	T10 SD TWP                                                                                                                                            	10	3	1	14	
7	HAN	T22 MD TWP                                                                                                                                            	5	0	0	5	
7	HAN	T9 SD/T10 SD TWP                                                                                                                                      	6	0	1	7	
7	HAN	TREMONT	517	398	28	943	
7	HAN	TRENTON	560	291	27	878	
7	HAN	WALTHAM	179	28	3	210	
7		STATE UOCAVA	39	212	13	264	
			13218	10476	671	24365	
							
			Rosen, Kimberley C. 	Aiguier, Michael A. 	BLANK	TOTAL VOTES CAST	
			Bucksport	Brewer			
			Republican	Democrat			
8	HAN	BUCKSPORT	2261	7	387	2655	
8	HAN	CASTINE	434	0	166	600	
8	HAN	DEDHAM	892	0	208	1100	
8	HAN	GREAT POND	29	0	12	41	
8	HAN	ORLAND	1186	1	215	1402	
8	HAN	PENOBSCOT	599	0	211	810	
8	HAN	T3 ND TWP                                                                                                                                             	3	0	3	6	
8	HAN	VERONA ISLAND	255	2	57	314	
8	PEN	BRADLEY	657	0	177	834	
8	PEN	BREWER	4298	2	1004	5304	
8	PEN	BURLINGTON	152	0	42	194	
8	PEN	CLIFTON	415	11	92	518	
8	PEN	EDDINGTON	1110	0	257	1367	
8	PEN	GRAND FALLS TOWNSHIP                                                                                                                                  	5	0	2	7	
8	PEN	GREENFIELD TWP	113	0	25	138	
8	PEN	HOLDEN	1698	2	350	2050	
8	PEN	LINCOLN	2068	0	465	2533	
8	PEN	LOWELL	183	0	49	232	
8	PEN	ORRINGTON	2029	2	384	2415	
8		STATE UOCAVA	61	0	36	97	
			18448	27	4142	22617	
							
			Gratwick, Geoffrey M. 	Willey, N. Laurence, Jr.	BLANK	TOTAL VOTES CAST	
			Bangor	Bangor			
			Democrat	Republican			
9	PEN	BANGOR	9267	6033	612	15912	
9	PEN	HERMON	1637	1847	104	3588	
9		STATE UOCAVA	58	31	11	100	
			10962	7911	727	19600	
							
			Cushing, Andre E., III	Marble, Dennis 	BLANK	TOTAL VOTES CAST	
			Newport	Hampden			
			Republican	Independent			
10	PEN	CARMEL	936	605	91	1632	
10	PEN	CORINNA	787	294	80	1161	
10	PEN	CORINTH	952	471	108	1531	
10	PEN	DIXMONT	462	250	34	746	
10	PEN	ETNA	396	215	46	657	
10	PEN	EXETER	339	187	24	550	
10	PEN	GLENBURN	1206	1287	113	2606	
10	PEN	HAMPDEN	1984	2396	152	4532	
10	PEN	HUDSON	394	319	45	758	
10	PEN	KENDUSKEAG	394	307	41	742	
10	PEN	LEVANT	924	583	88	1595	
10	PEN	NEWBURGH	462	459	45	966	
10	PEN	NEWPORT	1107	581	82	1770	
10	PEN	PLYMOUTH	505	189	54	748	
10	PEN	STETSON	427	268	37	732	
10		STATE UOCAVA	30	34	5	69	
			11305	8445	1045	20795	
							
			Fulford, Jonathan S. 	Thibodeau, Michael D. 	BLANK	TOTAL VOTES CAST	
			Monroe	Winterport			
			Democrat	Republican			
11	WAL	BELFAST	2365	1548	85	3998	
11	WAL	BELMONT	229	336	12	577	
11	WAL	BROOKS	222	354	5	581	
11	WAL	BURNHAM	302	369	18	689	
11	WAL	FRANKFORT	226	433	12	671	
11	WAL	FREEDOM	221	211	8	440	
11	WAL	ISLESBORO	298	116	16	430	
11	WAL	JACKSON	143	186	5	334	
11	WAL	KNOX	194	263	2	459	
11	WAL	LIBERTY	278	274	14	566	
11	WAL	LINCOLNVILLE	931	620	23	1574	
11	WAL	MONROE	303	250	8	561	
11	WAL	MONTVILLE	347	279	21	647	
11	WAL	MORRILL	199	342	10	551	
11	WAL	NORTHPORT	547	465	25	1037	
11	WAL	PALERMO	345	512	33	890	
11	WAL	PROSPECT	132	274	12	418	
11	WAL	SEARSMONT	416	414	23	853	
11	WAL	SEARSPORT	658	881	31	1570	
11	WAL	STOCKTON SPRINGS	413	594	14	1021	
11	WAL	SWANVILLE	351	426	22	799	
11	WAL	THORNDIKE	205	225	12	442	
11	WAL	TROY	262	293	19	574	
11	WAL	UNITY	527	507	36	1070	
11	WAL	WALDO	206	270	13	489	
11	WAL	WINTERPORT	718	1488	24	2230	
11		STATE UOCAVA	100	17	4	121	
			11138	11947	507	23592	
							
			Emery, David F. 	Miramant, David R. 	BLANK	TOTAL VOTES CAST	
			Saint George	Camden			
			Republican	Democrat			
12	KNO	APPLETON	440	405	29	874	
12	KNO	CAMDEN	997	2416	90	3503	
12	KNO	CRIEHAVEN TOWNSHIP                                                                                                                                    	0	1	0	1	
12	KNO	CUSHING	527	318	37	882	
12	KNO	FRIENDSHIP	483	246	29	758	
12	KNO	HOPE	463	555	30	1048	
12	KNO	ISLE AU HAUT	17	42	7	66	
12	KNO	MATINICUS ISLE PLT	25	24	4	53	
12	KNO	NORTH HAVEN	85	201	15	301	
12	KNO	OWLS HEAD	576	434	28	1038	
12	KNO	ROCKLAND	1624	1910	116	3650	
12	KNO	ROCKPORT	1009	1307	46	2362	
12	KNO	SAINT GEORGE	867	776	46	1689	
12	KNO	SOUTH THOMASTON	520	378	28	926	
12	KNO	THOMASTON	777	701	38	1516	
12	KNO	UNION	756	566	47	1369	
12	KNO	VINALHAVEN	290	453	44	787	
12	KNO	WARREN	1339	738	76	2153	
12		STATE UOCAVA	28	137	15	180	
			10823	11608	725	23156	
							
			Dow, Dana L. 	Johnson, Christopher K. 	BLANK	TOTAL VOTES CAST	
			Waldoboro	Somerville			
			Republican	Democrat			
13	KEN	WINDSOR	791	547	50	1388	
13	KNO	WASHINGTON	562	360	28	950	
13	LIN	ALNA	202	269	11	482	
13	LIN	BOOTHBAY	1060	1006	47	2113	
13	LIN	BOOTHBAY HARBOR	663	684	46	1393	
13	LIN	BREMEN	229	275	9	513	
13	LIN	BRISTOL	943	916	35	1894	
13	LIN	DAMARISCOTTA	606	735	31	1372	
13	LIN	EDGECOMB	375	420	28	823	
13	LIN	JEFFERSON	948	636	29	1613	
13	LIN	MONHEGAN ISLAND PLT	8	50	2	60	
13	LIN	NEWCASTLE	485	758	27	1270	
13	LIN	NOBLEBORO	638	515	23	1176	
13	LIN	SOMERVILLE	152	178	16	346	
13	LIN	SOUTH BRISTOL	275	333	22	630	
13	LIN	SOUTHPORT	217	206	8	431	
13	LIN	WALDOBORO	1760	1017	57	2834	
13	LIN	WESTPORT ISLAND	250	249	17	516	
13	LIN	WHITEFIELD	706	674	51	1431	
13	LIN	WISCASSET	1238	942	71	2251	
13		STATE UOCAVA	23	139	9	171	
			12131	10909	617	23657	
							
			Bellows, Shenna Lee 	Cutchen, Bryan P. 	Pietroski, Joseph J. 	BLANK	TOTAL VOTES CAST
			Manchester	West Gardiner	Winthrop		
			Democrat	Republican	Independent		
14	KEN	CHELSEA	626	628	210	63	1527
14	KEN	FARMINGDALE	823	683	173	44	1723
14	KEN	GARDINER	1467	1221	348	84	3120
14	KEN	HALLOWELL	1086	382	139	52	1659
14	KEN	MANCHESTER	808	585	246	40	1679
14	KEN	MONMOUTH	878	835	637	62	2412
14	KEN	PITTSTON	618	813	241	51	1723
14	KEN	RANDOLPH	453	394	131	40	1018
14	KEN	READFIELD	794	458	381	33	1666
14	KEN	WEST GARDINER	818	1145	168	78	2209
14	KEN	WINTHROP	1389	919	1329	71	3708
14		STATE UOCAVA	56	19	9	1	85
			9816	8082	4012	619	22529
							
			Dilts, Henry K. 	Katz, Roger J. 	BLANK	TOTAL VOTES CAST	
			Augusta	Augusta			
			Democrat	Republican			
15	KEN	AUGUSTA	2010	6854	350	9214	
15	KEN	CHINA	543	1849	124	2516	
15	KEN	OAKLAND	934	2476	186	3596	
15	KEN	SIDNEY	477	2081	108	2666	
15	KEN	VASSALBORO	504	1864	112	2480	
15		STATE UOCAVA	48	30	7	85	
			4516	15154	887	20557	
							
			Beck, Henry 	Cyrway, Scott W. 	BLANK	TOTAL VOTES CAST	
			Waterville	Benton			
			Democrat	Republican			
16	KEN	ALBION	269	872	34	1175	
16	KEN	BENTON	427	1116	23	1566	
16	KEN	CLINTON	464	1201	42	1707	
16	KEN	WATERVILLE	4520	2677	236	7433	
16	KEN	WINSLOW	1851	2454	101	4406	
16	SOM	FAIRFIELD	1266	2041	75	3382	
16		STATE UOCAVA	49	17	7	73	
			8846	10378	518	19742	
							
			Dunlap, Joanne F. 	Saviello, Thomas B. 	BLANK	TOTAL VOTES CAST	
			Rangeley Plt	Wilton			
			Democrat	Republican			
17	FRA	AVON	38	203	7	248	
17	FRA	CARRABASSETT VALLEY	129	325	20	474	
17	FRA	CARTHAGE	77	192	23	292	
17	FRA	CHESTERVILLE	178	550	19	747	
17	FRA	COPLIN PLT	30	70	3	103	
17	FRA	DALLAS PLT	85	120	2	207	
17	FRA	EUSTIS	94	306	25	425	
17	FRA	FARMINGTON	1159	2662	162	3983	
17	FRA	INDUSTRY	107	354	9	470	
17	FRA	JAY	775	1768	57	2600	
17	FRA	KINGFIELD	134	653	23	810	
17	FRA	NEW SHARON	189	718	35	942	
17	FRA	NEW VINEYARD	75	355	20	450	
17	FRA	PERKINS TOWNSHIP                                                                                                                                      	5	8	0	13	
17	FRA	PHILLIPS	127	512	10	649	
17	FRA	RANGELEY	262	446	30	738	
17	FRA	RANGELEY PLT	54	105	3	162	
17	FRA	SANDY RIVER PLT	46	45	2	93	
17	FRA	STRONG	120	640	20	780	
17	FRA	TEMPLE	79	240	9	328	
17	FRA	WASHINGTON TWP                                                                                                                                        	7	10	0	17	
17	FRA	WELD	62	213	13	288	
17	FRA	WILTON	445	1714	69	2228	
17	FRA	WYMAN TWP                                                                                                                                             	11	21	1	33	
17	KEN	BELGRADE	707	1258	84	2049	
17	KEN	FAYETTE	267	494	28	789	
17	KEN	MOUNT VERNON	349	672	43	1064	
17	KEN	VIENNA	100	279	17	396	
17		STATE UOCAVA	41	42	2	85	
			5752	14975	736	21463	
							
			Keim, Lisa 	Patrick, John L. 	BLANK	TOTAL VOTES CAST	
			Dixfield	Rumford			
			Republican	Democrat			
18	AND	LIVERMORE	726	576	37	1339	
18	AND	LIVERMORE FALLS	739	696	51	1486	
18	OXF	ADAMSTOWN TWP	2	3	0	5	
18	OXF	ALBANY TWP	165	138	12	315	
18	OXF	ANDOVER	332	195	19	546	
18	OXF	BETHEL	849	807	56	1712	
18	OXF	BUCKFIELD	659	408	45	1112	
18	OXF	BYRON	65	26	2	93	
18	OXF	CANTON	321	196	22	539	
18	OXF	DIXFIELD	864	404	38	1306	
18	OXF	GILEAD	61	52	5	118	
18	OXF	GREENWOOD	239	221	14	474	
18	OXF	HANOVER	103	83	3	189	
18	OXF	HARTFORD	390	238	27	655	
18	OXF	HEBRON	440	268	45	753	
18	OXF	LINCOLN PLT	14	9	6	29	
18	OXF	LOVELL	381	304	31	716	
18	OXF	MAGALLOWAY PLT	14	3	1	18	
18	OXF	MEXICO	667	663	32	1362	
18	OXF	MILTON TWP                                                                                                                                            	54	32	2	88	
18	OXF	NEWRY	140	127	15	282	
18	OXF	PERU	584	375	19	978	
18	OXF	ROXBURY	132	110	7	249	
18	OXF	RUMFORD	1448	1412	64	2924	
18	OXF	STONEHAM	92	75	9	176	
18	OXF	STOW	111	106	10	227	
18	OXF	SUMNER	283	254	22	559	
18	OXF	SWEDEN	121	119	16	256	
18	OXF	UPTON	39	16	5	60	
18	OXF	WATERFORD	554	354	39	947	
18	OXF	WEST PARIS	559	399	57	1015	
18	OXF	WOODSTOCK	438	330	28	796	
18		STATE UOCAVA	17	41	3	61	
			11603	9040	742	21385	
							
			Chisari, Joseph 	Hamper, James M. 	BLANK	TOTAL VOTES CAST	
			Fryeburg	Oxford			
			Democrat	Republican			
19	CUM	BRIDGTON	1180	1633	214	3027	
19	CUM	HARRISON	476	930	91	1497	
19	CUM	NAPLES	832	1328	173	2333	
19	CUM	SEBAGO	446	600	86	1132	
19	OXF	BROWNFIELD	390	430	58	878	
19	OXF	DENMARK	290	401	61	752	
19	OXF	FRYEBURG	814	906	113	1833	
19	OXF	HIRAM	357	434	66	857	
19	OXF	NORWAY	700	1866	127	2693	
19	OXF	OTISFIELD	280	764	50	1094	
19	OXF	OXFORD	397	1744	89	2230	
19	OXF	PARIS	730	1885	137	2752	
19	OXF	PORTER	310	443	69	822	
19		STATE UOCAVA	70	32	1	103	
			7272	13396	1335	22003	
							
			Brakey, Eric L. 	Sampson, Kimberly A. 	BLANK	TOTAL VOTES CAST	
			Auburn	Auburn			
			Republican	Democrat			
20	AND	AUBURN	6789	4821	376	11986	
20	AND	MECHANIC FALLS	1058	468	60	1586	
20	AND	MINOT	1136	490	57	1683	
20	AND	POLAND	2024	1147	113	3284	
20	CUM	NEW GLOUCESTER	2019	1238	107	3364	
20		STATE UOCAVA	21	50	5	76	
			13047	8214	718	21979	
							
			Libby, Nathan L. 	BLANK	TOTAL VOTES CAST		
			Lewiston				
			Democrat				
21	AND	LEWISTON	13994	3263	17257		
21		STATE UOCAVA	69	11	80		
			14063	3274	17337		
							
			Fochtmann, Richard N. 	Mason, Garrett Paul 	BLANK	TOTAL VOTES CAST	
			Leeds	Lisbon			
			Democrat	Republican			
22	AND	DURHAM	878	1597	136	2611	
22	AND	GREENE	836	1642	119	2597	
22	AND	LEEDS	562	682	55	1299	
22	AND	LISBON	1269	3463	214	4946	
22	AND	SABATTUS	812	1903	135	2850	
22	AND	TURNER	1030	2221	132	3383	
22	AND	WALES	237	604	50	891	
22	KEN	LITCHFIELD	696	1280	109	2085	
22	KEN	WAYNE	426	356	33	815	
22		STATE UOCAVA	31	26	4	61	
			6777	13774	987	21538	
							
			Lebida, Guy M. 	Vitelli, Eloise A. 	BLANK	TOTAL VOTES CAST	
			Bowdoin	Arrowsic			
			Republican	Democrat			
23	LIN	DRESDEN	510	524	55	1089	
23	SAG	ARROWSIC	92	253	6	351	
23	SAG	BATH	1698	2974	151	4823	
23	SAG	BOWDOIN	1165	545	54	1764	
23	SAG	BOWDOINHAM	904	916	65	1885	
23	SAG	GEORGETOWN	295	455	19	769	
23	SAG	PHIPPSBURG	658	734	48	1440	
23	SAG	RICHMOND	1040	815	84	1939	
23	SAG	TOPSHAM	2766	3106	233	6105	
23	SAG	WEST BATH	570	640	47	1257	
23	SAG	WOOLWICH	983	966	74	2023	
23		STATE UOCAVA	31	110	5	146	
			10712	12038	841	23591	
							
			Carson, Everett Brownie 	Coffin, Tristam W. 	BLANK	TOTAL VOTES CAST	
			Harpswell	Brunswick			
			Democrat	Republican			
24	CUM	BRUNSWICK	7574	4774	544	12892	
24	CUM	FREEPORT	3237	2119	259	5615	
24	CUM	HARPSWELL	1992	1395	96	3483	
24	CUM	NORTH YARMOUTH	1313	1225	118	2656	
24	CUM	POWNAL	539	507	42	1088	
24		STATE UOCAVA	178	36	16	230	
			14833	10056	1075		
							
			Breen, Catherine E. 	Ladd, C. Barton 	BLANK	TOTAL VOTES CAST	
			Falmouth	Falmouth			
			Democrat	Republican			
25	CUM	CHEBEAGUE ISLAND	232	88	9	329	
25	CUM	CUMBERLAND	3035	2275	195	5505	
25	CUM	FALMOUTH	4764	3186	229	8179	
25	CUM	GRAY	2165	2495	271	4931	
25	CUM	LONG ISLAND	120	48	8	176	
25	CUM	WESTBROOK	1513	1140	143	2796	
25	CUM	YARMOUTH	3562	1992	171	5725	
25		STATE UOCAVA	155	23	9	187	
			15546	11247	1035	27828	
							
			Diamond, G. William 	McDonald, Ryan R. 	BLANK	TOTAL VOTES CAST	
			Windham	Windham			
			Democrat	Republican			
26	CUM	BALDWIN	461	420	55	936	
26	CUM	CASCO	1180	887	88	2155	
26	CUM	FRYE ISLAND	37	37	4	78	
26	CUM	RAYMOND	1731	1077	90	2898	
26	CUM	STANDISH	3063	2273	219	5555	
26	CUM	WINDHAM	6550	3317	273	10140	
26		STATE UOCAVA	59	15	3	77	
			13081	8026	732	21839	
							
			Baker, Seth M. 	Chipman, Benjamin M. 	Pontius, Adam M. 	BLANK	TOTAL VOTES CAST
			Portland	Portland	Portland		
			Green Independent	Democrat	Republican		
27	CUM	PORTLAND	3673	14794	3542	1246	23255
27		STATE UOCAVA	39	135	20	19	213
			3712	14929	3562	1265	23468
							
			Dion, Mark N. 	Usher, Karen Elaine 	BLANK	TOTAL VOTES CAST	
			Portland	Westbrook			
			Democrat	Republican			
28	CUM	PORTLAND	11155	3415	752	15322	
28	CUM	WESTBROOK	4132	2732	360	7224	
28		STATE UOCAVA	88	14	5	107	
			15375	6161	1117	22653	
							
			MacAuslan, Martha 	Millett, Rebecca J. 	BLANK	TOTAL VOTES CAST	
			Cape Elizabeth	Cape Elizabeth			
			Independent	Democrat			
29	CUM	CAPE ELIZABETH	2456	3836	306	6598	
29	CUM	SCARBOROUGH	731	838	208	1777	
29	CUM	SOUTH PORTLAND	4977	8907	1221	15105	
29		STATE UOCAVA	32	103	20	155	
			8196	13684	1755	23635	
							
			Caterina, Jean-Marie 	Volk, Amy F. 	BLANK	TOTAL VOTES CAST	
			Scarborough	Scarborough			
			Democrat	Republican			
30	CUM	GORHAM	3950	5636	361	9947	
30	CUM	SCARBOROUGH	4675	6244	298	11217	
30	YOR	BUXTON	1264	2710	144	4118	
30		STATE UOCAVA	71	31	9	111	
			9960	14621	812	25393	
							
			Chenette, Justin M. 	Sevigny, Timothy N. 	BLANK	TOTAL VOTES CAST	
			Saco	Saco			
			Democrat	Republican			
31	YOR	BUXTON	342	395	43	780	
31	YOR	HOLLIS	1160	1358	122	2640	
31	YOR	LIMINGTON	805	1167	122	2094	
31	YOR	OLD ORCHARD BEACH	3321	2055	223	5599	
31	YOR	SACO	6659	4046	306	11011	
31		STATE UOCAVA	45	22	4	71	
			12332	9043	820	22195	
							
			Deschambault, Susan A. 	Stone, Matthew William 	BLANK	TOTAL VOTES CAST	
			Biddeford	Biddeford			
			Democrat	Republican			
32	YOR	ALFRED	887	882	104	1873	
32	YOR	ARUNDEL	1282	1099	155	2536	
32	YOR	BIDDEFORD	6560	3319	434	10313	
32	YOR	DAYTON	582	612	76	1270	
32	YOR	KENNEBUNKPORT	1285	1082	135	2502	
32	YOR	LYMAN	1216	1235	166	2617	
32		STATE UOCAVA	68	20	9	97	
			11880	8249	1079	21208	
							
			Boland, Andrea M. 	Woodsome, David 	BLANK	TOTAL VOTES CAST	
			Sanford	Waterboro			
			Democrat	Republican			
33	YOR	CORNISH	272	529	35	836	
33	YOR	LIMERICK	449	1169	54	1672	
33	YOR	NEWFIELD	244	599	29	872	
33	YOR	PARSONSFIELD	304	678	45	1027	
33	YOR	SANFORD	5185	4698	479	10362	
33	YOR	SHAPLEIGH	501	1009	58	1568	
33	YOR	WATERBORO	938	2968	94	4000	
33		STATE UOCAVA	29	22	5	56	
			7922	11672	799	20393	
							
			Collins, Ronald F. 	Kilbourn, Jonathan 	BLANK	TOTAL VOTES CAST	
			Wells	Kennebunk			
			Republican	Democrat			
34	YOR	ACTON	874	519	104	1497	
34	YOR	BERWICK	1595	1065	152	2812	
34	YOR	KENNEBUNK	3067	4223	360	7650	
34	YOR	LEBANON	2041	978	179	3198	
34	YOR	NORTH BERWICK	1660	1094	143	2897	
34	YOR	WELLS	3897	2636	260	6793	
34		STATE UOCAVA	30	69	8	107	
			13164	10584	1206	24954	
							
			Hill, Dawn 	Short, Theodor G. 	BLANK	TOTAL VOTES CAST	
			York	South Berwick			
			Democrat	Republican			
35	YOR	BERWICK	457	658	78	1193	
35	YOR	ELIOT	2150	2022	181	4353	
35	YOR	KITTERY	3517	1950	281	5748	
35	YOR	OGUNQUIT	594	280	47	921	
35	YOR	SOUTH BERWICK	2147	1969	149	4265	
35	YOR	YORK	5634	3059	335	9028	
35		STATE UOCAVA	110	26	17	153	
			14609	9964	1088	25661	
